K5_8,"[(23, 1, 24, 0), (8, 1, 9, 2), (2, 31, 3, 32), (3, 19, 4, 18), (11, 5, 12, 4), (34, 5, 35, 6), (6, 14, 7, 13), (16, 8, 17, 7), (22, 9, 23, 10), (10, 27, 11, 28), (33, 12, 34, 13), (25, 14, 26, 15), (15, 24, 16, 25), (17, 32, 18, 33), (30, 19, 31, 20), (20, 29, 21, 30), (28, 21, 29, 22), (35, 27, 0, 26)]"
K5_13,"[(21, 1, 22, 0), (1, 11, 2, 10), (2, 18, 3, 17), (3, 28, 4, 29), (13, 5, 14, 4), (24, 5, 25, 6), (6, 0, 7, 31), (7, 22, 8, 23), (15, 8, 16, 9), (9, 16, 10, 17), (18, 11, 19, 12), (27, 13, 28, 12), (14, 30, 15, 29), (26, 20, 27, 19), (20, 26, 21, 25), (30, 24, 31, 23)]"
K5_19,"[(22, 35, 23, 36), (34, 6, 35, 5), (36, 17, 37, 18), (14, 37, 15, 38), (26, 12, 27, 11), (21, 19, 22, 18), (31, 38, 32, 39), (27, 2, 28, 3), (19, 13, 20, 12), (23, 6, 24, 7), (7, 16, 8, 17), (15, 8, 16, 9), (3, 10, 4, 11), (33, 24, 34, 25), (4, 25, 5, 26), (13, 21, 14, 20), (39, 30, 0, 31), (1, 28, 2, 29), (9, 33, 10, 32), (29, 0, 30, 1)]"
K6_9,"[(19, 52, 20, 53), (21, 72, 22, 73), (24, 38, 25, 37), (71, 40, 72, 41), (10, 40, 11, 39), (44, 65, 45, 66), (46, 64, 47, 63), (2, 46, 3, 45), (74, 54, 75, 53), (5, 56, 6, 57), (7, 54, 8, 55), (14, 67, 15, 68), (50, 29, 51, 30), (42, 28, 43, 27), (69, 26, 70, 27), (12, 26, 13, 25), (81, 28, 82, 29), (77, 63, 78, 62), (23, 86, 24, 87), (11, 84, 12, 85), (70, 84, 71, 83), (41, 82, 42, 83), (49, 81, 50, 80), (36, 57, 37, 58), (32, 44, 33, 43), (31, 48, 32, 49), (30, 79, 31, 80), (33, 66, 34, 67), (16, 3, 17, 4), (61, 18, 62, 19), (64, 2, 65, 1), (60, 76, 61, 75), (59, 4, 60, 5), (58, 35, 59, 36), (89, 20, 90, 21), (34, 16, 35, 15), (88, 74, 89, 73), (90, 52, 91, 51), (87, 8, 88, 9), (85, 38, 86, 39), (68, 13, 69, 14), (55, 6, 56, 7), (76, 17, 77, 18), (78, 0, 79, 91), (22, 10, 23, 9), (47, 1, 48, 0)]"
K6_10,"[(26, 2, 27, 1), (43, 37, 44, 36), (38, 12, 39, 11), (17, 28, 18, 29), (27, 16, 28, 17), (25, 11, 26, 10), (42, 24, 43, 23), (4, 39, 5, 40), (22, 48, 23, 47), (35, 45, 36, 44), (41, 6, 42, 7), (12, 6, 13, 5), (13, 41, 14, 40), (29, 18, 30, 19), (3, 15, 4, 14), (7, 21, 8, 20), (48, 22, 49, 21), (37, 24, 38, 25), (49, 33, 0, 32), (8, 32, 9, 31), (45, 35, 46, 34), (19, 30, 20, 31), (15, 3, 16, 2), (33, 47, 34, 46), (9, 0, 10, 1)]"
K6_37,"[(33, 1, 34, 0), (1, 52, 2, 53), (53, 2, 54, 3), (3, 54, 4, 55), (4, 32, 5, 31), (30, 6, 31, 5), (55, 6, 56, 7), (7, 60, 8, 61), (8, 26, 9, 25), (24, 10, 25, 9), (61, 10, 62, 11), (11, 19, 12, 18), (12, 42, 13, 41), (13, 66, 14, 67), (45, 15, 46, 14), (15, 47, 16, 46), (16, 39, 17, 40), (17, 69, 18, 68), (42, 19, 43, 20), (20, 43, 21, 44), (64, 22, 65, 21), (22, 64, 23, 63), (62, 24, 63, 23), (26, 60, 27, 59), (58, 28, 59, 27), (28, 58, 29, 57), (56, 30, 57, 29), (32, 52, 33, 51), (73, 35, 0, 34), (35, 73, 36, 72), (49, 37, 50, 36), (70, 38, 71, 37), (38, 48, 39, 47), (40, 68, 41, 67), (65, 45, 66, 44), (69, 48, 70, 49), (50, 71, 51, 72)]"
K6_40,"[(51, 17, 52, 16), (23, 73, 24, 72), (17, 34, 18, 35), (18, 50, 19, 49), (22, 59, 23, 60), (58, 25, 59, 26), (52, 29, 53, 30), (31, 7, 32, 6), (33, 50, 34, 51), (40, 47, 41, 48), (66, 37, 67, 38), (54, 43, 55, 44), (38, 65, 39, 66), (63, 47, 64, 46), (57, 0, 58, 1), (53, 4, 54, 5), (61, 70, 62, 71), (69, 62, 70, 63), (64, 11, 65, 12), (19, 8, 20, 9), (39, 11, 40, 10), (45, 69, 46, 68), (13, 20, 14, 21), (44, 22, 45, 21), (5, 31, 6, 30), (3, 43, 4, 42), (7, 14, 8, 15), (73, 25, 0, 24), (71, 60, 72, 61), (12, 67, 13, 68), (28, 42, 29, 41), (32, 15, 33, 16), (26, 2, 27, 1), (27, 56, 28, 57), (9, 37, 10, 36), (48, 35, 49, 36), (2, 55, 3, 56)]"
K7_11,"[(72, 49, 73, 50), (52, 164, 53, 163), (46, 102, 47, 101), (28, 51, 29, 52), (102, 46, 103, 45), (29, 165, 30, 164), (26, 98, 27, 97), (18, 130, 19, 129), (15, 117, 16, 116), (13, 159, 14, 158), (136, 161, 137, 162), (95, 162, 96, 163), (132, 117, 133, 118), (16, 55, 17, 56), (131, 55, 132, 54), (90, 62, 91, 61), (88, 127, 89, 128), (80, 147, 81, 148), (86, 20, 87, 19), (65, 83, 66, 82), (69, 101, 70, 100), (64, 23, 65, 24), (66, 150, 67, 149), (62, 126, 63, 125), (87, 110, 88, 111), (57, 115, 58, 114), (112, 60, 113, 59), (111, 128, 112, 129), (108, 153, 109, 154), (106, 22, 107, 21), (105, 84, 106, 85), (166, 73, 167, 74), (5, 75, 6, 74), (4, 47, 5, 48), (175, 149, 0, 148), (173, 24, 174, 25), (172, 124, 173, 123), (174, 82, 175, 81), (2, 100, 3, 99), (3, 70, 4, 71), (58, 33, 59, 34), (113, 35, 114, 34), (89, 37, 90, 36), (130, 32, 131, 31), (17, 32, 18, 33), (144, 68, 145, 67), (145, 78, 146, 79), (143, 104, 144, 105), (146, 2, 147, 1), (142, 44, 143, 43), (71, 168, 72, 169), (25, 170, 26, 171), (98, 170, 99, 169), (48, 167, 49, 168), (39, 153, 40, 152), (41, 20, 42, 21), (37, 127, 38, 126), (42, 86, 43, 85), (40, 108, 41, 107), (35, 60, 36, 61), (122, 172, 123, 171), (115, 57, 116, 56), (120, 93, 121, 94), (121, 160, 122, 161), (135, 94, 136, 95), (14, 92, 15, 91), (156, 64, 157, 63), (154, 109, 155, 110), (150, 83, 151, 84), (151, 23, 152, 22), (157, 124, 158, 125), (155, 39, 156, 38), (75, 45, 76, 44), (159, 13, 160, 12), (92, 12, 93, 11), (53, 8, 54, 9), (118, 10, 119, 9), (133, 11, 134, 10), (30, 7, 31, 8), (6, 142, 7, 141), (165, 140, 166, 141), (50, 140, 51, 139), (96, 137, 97, 138), (27, 139, 28, 138), (119, 134, 120, 135), (77, 69, 78, 68), (76, 103, 77, 104), (79, 1, 80, 0)]"
K7_18,"[(17, 29, 18, 28), (83, 34, 84, 35), (70, 33, 71, 34), (81, 22, 82, 23), (15, 76, 16, 77), (82, 70, 83, 69), (77, 14, 78, 15), (27, 17, 28, 16), (20, 87, 21, 88), (18, 48, 19, 47), (89, 12, 90, 13), (90, 45, 91, 46), (50, 85, 51, 86), (46, 14, 47, 13), (10, 62, 11, 61), (88, 10, 89, 9), (19, 8, 20, 9), (49, 6, 50, 7), (30, 7, 31, 8), (74, 6, 75, 5), (26, 75, 27, 76), (54, 22, 55, 21), (52, 71, 53, 72), (60, 12, 61, 11), (53, 33, 54, 32), (1, 56, 2, 57), (3, 79, 4, 78), (4, 25, 5, 26), (35, 68, 36, 69), (38, 24, 39, 23), (39, 80, 40, 81), (43, 59, 44, 58), (37, 66, 38, 67), (63, 40, 64, 41), (2, 41, 3, 42), (59, 45, 60, 44), (72, 51, 73, 52), (29, 49, 30, 48), (67, 36, 68, 37), (62, 55, 63, 56), (64, 80, 65, 79), (65, 24, 66, 25), (31, 86, 32, 87), (42, 91, 43, 0), (73, 85, 74, 84), (57, 0, 58, 1)]"
K7_24,"[(16, 42, 17, 41), (22, 37, 23, 38), (39, 51, 40, 50), (6, 34, 7, 33), (34, 6, 35, 5), (32, 17, 33, 18), (42, 36, 43, 35), (31, 9, 32, 8), (28, 50, 29, 49), (23, 53, 24, 52), (7, 19, 8, 18), (21, 3, 22, 2), (55, 21, 56, 20), (44, 20, 45, 19), (12, 47, 13, 48), (10, 57, 11, 58), (43, 4, 44, 5), (59, 46, 0, 47), (45, 56, 46, 57), (40, 16, 41, 15), (29, 15, 30, 14), (58, 11, 59, 12), (54, 3, 55, 4), (53, 37, 54, 36), (48, 13, 49, 14), (9, 31, 10, 30), (1, 27, 2, 26), (51, 25, 52, 24), (38, 25, 39, 26), (27, 1, 28, 0)]"
K7_44,"[(14, 64, 15, 63), (56, 37, 57, 38), (19, 39, 20, 38), (64, 12, 65, 11), (6, 102, 7, 101), (69, 141, 70, 140), (77, 131, 78, 130), (61, 115, 62, 114), (66, 95, 67, 96), (2, 133, 3, 134), (105, 139, 106, 138), (21, 122, 22, 123), (54, 126, 55, 125), (143, 59, 144, 58), (151, 37, 152, 36), (145, 16, 146, 17), (146, 90, 147, 89), (144, 117, 145, 118), (20, 86, 21, 85), (53, 82, 54, 83), (106, 71, 107, 72), (129, 79, 130, 78), (79, 161, 80, 160), (128, 161, 129, 0), (104, 6, 105, 5), (51, 159, 52, 158), (23, 156, 24, 157), (116, 60, 117, 59), (120, 40, 121, 39), (119, 18, 120, 19), (121, 87, 122, 86), (10, 66, 11, 65), (9, 95, 10, 94), (13, 112, 14, 113), (4, 137, 5, 138), (84, 124, 85, 123), (90, 16, 91, 15), (87, 40, 88, 41), (91, 60, 92, 61), (72, 34, 73, 33), (81, 29, 82, 28), (126, 29, 127, 30), (107, 35, 108, 34), (157, 24, 158, 25), (1, 75, 2, 74), (30, 74, 31, 73), (96, 67, 97, 68), (98, 142, 99, 141), (92, 116, 93, 115), (17, 148, 18, 149), (118, 149, 119, 150), (88, 148, 89, 147), (57, 151, 58, 150), (109, 142, 110, 143), (113, 63, 114, 62), (70, 99, 71, 100), (110, 94, 111, 93), (152, 56, 153, 55), (154, 84, 155, 83), (153, 124, 154, 125), (155, 22, 156, 23), (26, 50, 27, 49), (159, 51, 160, 50), (103, 42, 104, 43), (111, 12, 112, 13), (97, 9, 98, 8), (68, 8, 69, 7), (31, 134, 32, 135), (52, 26, 53, 25), (131, 77, 132, 76), (136, 3, 137, 4), (139, 101, 140, 100), (135, 32, 136, 33), (35, 109, 36, 108), (80, 47, 81, 48), (127, 47, 128, 46), (41, 102, 42, 103), (43, 133, 44, 132), (44, 75, 45, 76), (48, 28, 49, 27), (45, 1, 46, 0)]"
K7_49,"[(52, 76, 53, 75), (20, 55, 21, 56), (84, 54, 85, 53), (17, 58, 18, 59), (43, 62, 44, 63), (59, 16, 60, 17), (14, 61, 15, 62), (39, 64, 40, 65), (65, 10, 66, 11), (67, 36, 68, 37), (74, 5, 75, 6), (73, 32, 74, 33), (46, 85, 47, 86), (19, 86, 20, 87), (51, 2, 52, 3), (28, 0, 29, 93), (38, 12, 39, 11), (42, 14, 43, 13), (15, 45, 16, 44), (50, 29, 51, 30), (48, 22, 49, 21), (1, 76, 2, 77), (92, 28, 93, 27), (12, 42, 13, 41), (63, 40, 64, 41), (3, 31, 4, 30), (6, 69, 7, 70), (9, 66, 10, 67), (8, 38, 9, 37), (47, 54, 48, 55), (26, 92, 27, 91), (25, 78, 26, 79), (90, 81, 91, 82), (23, 80, 24, 81), (56, 88, 57, 87), (57, 18, 58, 19), (60, 45, 61, 46), (88, 49, 89, 50), (82, 89, 83, 90), (83, 22, 84, 23), (33, 72, 34, 73), (31, 5, 32, 4), (35, 70, 36, 71), (71, 34, 72, 35), (68, 7, 69, 8), (79, 24, 80, 25), (77, 0, 78, 1)]"
K7_92,"[(13, 1, 14, 0), (1, 19, 2, 18), (9, 2, 10, 3), (3, 10, 4, 11), (11, 4, 12, 5), (20, 6, 21, 5), (6, 0, 7, 23), (7, 14, 8, 15), (17, 8, 18, 9), (19, 13, 20, 12), (22, 16, 23, 15), (16, 22, 17, 21)]"
K7_105,"[(33, 1, 34, 0), (1, 12, 2, 13), (2, 32, 3, 31), (28, 4, 29, 3), (15, 4, 16, 5), (5, 16, 6, 17), (39, 7, 40, 6), (18, 7, 19, 8), (8, 26, 9, 25), (9, 22, 10, 23), (10, 36, 11, 35), (32, 12, 33, 11), (13, 31, 14, 30), (29, 15, 30, 14), (40, 18, 41, 17), (19, 39, 20, 38), (20, 28, 21, 27), (36, 22, 37, 21), (42, 23, 43, 24), (24, 41, 25, 42), (37, 26, 38, 27), (43, 35, 0, 34)]"
K7_114,"[(21, 6, 0, 7), (18, 6, 19, 5), (15, 3, 16, 2), (3, 10, 4, 11), (1, 17, 2, 16), (11, 20, 12, 21), (14, 10, 15, 9), (19, 12, 20, 13), (4, 14, 5, 13), (8, 18, 9, 17), (7, 0, 8, 1)]"
K7_117,"[(19, 1, 20, 0), (8, 1, 9, 2), (2, 11, 3, 12), (3, 25, 4, 24), (21, 5, 22, 4), (14, 5, 15, 6), (6, 15, 7, 16), (16, 7, 17, 8), (9, 27, 10, 26), (25, 11, 26, 10), (12, 24, 13, 23), (22, 14, 23, 13), (17, 21, 18, 20), (27, 19, 0, 18)]"
K7_121,"[(16, 4, 17, 3), (21, 32, 22, 33), (17, 28, 18, 29), (2, 16, 3, 15), (51, 13, 52, 12), (33, 18, 34, 19), (24, 47, 25, 48), (11, 51, 12, 50), (42, 49, 43, 50), (1, 38, 2, 39), (8, 20, 9, 19), (7, 26, 8, 27), (5, 36, 6, 37), (52, 41, 53, 42), (44, 23, 45, 24), (48, 43, 49, 44), (13, 40, 14, 41), (37, 4, 38, 5), (29, 22, 30, 23), (34, 28, 35, 27), (35, 6, 36, 7), (20, 10, 21, 9), (25, 10, 26, 11), (30, 46, 31, 45), (46, 32, 47, 31), (14, 0, 15, 53), (39, 0, 40, 1)]"
K7_125,"[(11, 1, 12, 0), (1, 36, 2, 37), (25, 2, 26, 3), (20, 4, 21, 3), (4, 18, 5, 17), (32, 5, 33, 6), (6, 41, 7, 42), (40, 7, 41, 8), (8, 52, 9, 51), (9, 28, 10, 29), (53, 11, 0, 10), (12, 37, 13, 38), (24, 13, 25, 14), (21, 15, 22, 14), (15, 44, 16, 45), (43, 16, 44, 17), (33, 18, 34, 19), (19, 34, 20, 35), (22, 48, 23, 47), (46, 24, 47, 23), (26, 36, 27, 35), (52, 27, 53, 28), (38, 30, 39, 29), (30, 49, 31, 50), (31, 43, 32, 42), (39, 50, 40, 51), (48, 45, 49, 46)]"
K7_127,"[(10, 37, 11, 38), (7, 31, 8, 30), (1, 22, 2, 23), (4, 19, 5, 20), (27, 40, 28, 41), (25, 42, 26, 43), (31, 7, 32, 6), (35, 18, 36, 19), (20, 3, 21, 4), (34, 11, 35, 12), (15, 9, 16, 8), (9, 17, 10, 16), (39, 28, 40, 29), (21, 13, 22, 12), (29, 32, 30, 33), (43, 24, 0, 25), (38, 34, 39, 33), (2, 13, 3, 14), (41, 26, 42, 27), (14, 5, 15, 6), (17, 36, 18, 37), (23, 0, 24, 1)]"
K7_128,"[(15, 1, 16, 0), (1, 44, 2, 45), (2, 12, 3, 11), (3, 32, 4, 33), (29, 4, 30, 5), (5, 28, 6, 29), (6, 50, 7, 49), (7, 39, 8, 38), (35, 9, 36, 8), (9, 35, 10, 34), (45, 11, 46, 10), (21, 12, 22, 13), (13, 43, 14, 42), (14, 23, 15, 24), (39, 17, 40, 16), (50, 18, 51, 17), (27, 18, 28, 19), (30, 20, 31, 19), (20, 32, 21, 31), (22, 44, 23, 43), (41, 25, 42, 24), (25, 53, 26, 52), (51, 27, 52, 26), (46, 33, 47, 34), (36, 47, 37, 48), (48, 37, 49, 38), (40, 53, 41, 0)]"
K7_129,"[(45, 1, 46, 0), (1, 45, 2, 44), (2, 18, 3, 17), (42, 4, 43, 3), (4, 67, 5, 68), (68, 5, 69, 6), (6, 38, 7, 37), (14, 8, 15, 7), (35, 9, 36, 8), (9, 25, 10, 24), (10, 50, 11, 49), (11, 82, 12, 83), (63, 13, 64, 12), (13, 71, 14, 70), (15, 36, 16, 37), (43, 16, 44, 17), (18, 0, 19, 85), (19, 46, 20, 47), (47, 20, 48, 21), (84, 22, 85, 21), (22, 84, 23, 83), (23, 48, 24, 49), (52, 25, 53, 26), (26, 53, 27, 54), (78, 28, 79, 27), (55, 28, 56, 29), (29, 56, 30, 57), (30, 78, 31, 77), (58, 31, 59, 32), (32, 59, 33, 60), (74, 34, 75, 33), (34, 74, 35, 73), (69, 39, 70, 38), (39, 67, 40, 66), (65, 41, 66, 40), (41, 65, 42, 64), (81, 51, 82, 50), (51, 81, 52, 80), (79, 55, 80, 54), (57, 77, 58, 76), (75, 61, 76, 60), (61, 73, 62, 72), (71, 63, 72, 62)]"
K8_10,"[(188, 132, 189, 131), (59, 181, 60, 180), (22, 183, 23, 184), (287, 178, 288, 179), (181, 250, 182, 251), (175, 236, 176, 237), (174, 267, 175, 268), (48, 173, 49, 174), (66, 134, 67, 133), (20, 129, 21, 130), (284, 127, 285, 128), (52, 114, 53, 113), (31, 114, 32, 115), (294, 115, 295, 116), (49, 112, 50, 113), (102, 13, 103, 14), (34, 81, 35, 82), (6, 77, 7, 78), (295, 84, 0, 85), (204, 84, 205, 83), (21, 62, 22, 63), (291, 54, 292, 55), (53, 266, 54, 267), (60, 251, 61, 252), (58, 231, 59, 232), (206, 52, 207, 51), (47, 269, 48, 268), (46, 238, 47, 237), (33, 3, 34, 2), (293, 31, 294, 30), (29, 265, 30, 264), (24, 250, 25, 249), (25, 231, 26, 230), (205, 32, 206, 33), (212, 8, 213, 7), (292, 266, 293, 265), (288, 234, 289, 233), (285, 253, 286, 252), (239, 271, 240, 270), (107, 193, 108, 192), (215, 196, 216, 197), (74, 194, 75, 193), (10, 197, 11, 198), (36, 201, 37, 202), (187, 157, 188, 156), (11, 164, 12, 165), (105, 163, 106, 162), (217, 194, 218, 195), (221, 17, 222, 16), (223, 158, 224, 159), (224, 135, 225, 136), (226, 278, 227, 277), (227, 247, 228, 246), (106, 219, 107, 220), (9, 215, 10, 214), (195, 216, 196, 217), (86, 118, 87, 117), (87, 262, 88, 263), (91, 234, 92, 235), (94, 253, 95, 254), (85, 26, 86, 27), (88, 56, 89, 55), (92, 178, 93, 177), (95, 127, 96, 126), (190, 98, 191, 97), (14, 101, 15, 102), (220, 99, 221, 100), (118, 261, 119, 262), (121, 232, 122, 233), (125, 254, 126, 255), (116, 27, 117, 28), (120, 58, 121, 57), (122, 180, 123, 179), (124, 94, 125, 93), (123, 286, 124, 287), (228, 38, 229, 37), (278, 40, 279, 39), (247, 39, 248, 38), (19, 45, 20, 44), (64, 41, 65, 42), (185, 42, 186, 43), (96, 45, 97, 46), (130, 43, 131, 44), (256, 236, 257, 235), (255, 176, 256, 177), (259, 56, 260, 57), (263, 29, 264, 28), (258, 290, 259, 289), (257, 90, 258, 91), (260, 119, 261, 120), (269, 142, 270, 143), (110, 144, 111, 143), (209, 144, 210, 145), (80, 148, 81, 147), (4, 145, 5, 146), (202, 150, 203, 149), (35, 148, 36, 149), (153, 40, 154, 41), (150, 229, 151, 230), (152, 279, 153, 280), (151, 248, 152, 249), (160, 15, 161, 16), (154, 66, 155, 65), (155, 187, 156, 186), (161, 101, 162, 100), (157, 133, 158, 132), (23, 281, 24, 280), (61, 282, 62, 283), (182, 281, 183, 282), (89, 290, 90, 291), (128, 283, 129, 284), (72, 164, 73, 163), (73, 218, 74, 219), (70, 104, 71, 103), (69, 12, 70, 13), (104, 72, 105, 71), (211, 76, 212, 77), (240, 109, 241, 110), (244, 79, 245, 80), (242, 6, 243, 5), (245, 200, 246, 201), (238, 141, 239, 142), (243, 168, 244, 169), (189, 18, 190, 19), (276, 199, 277, 200), (272, 75, 273, 76), (273, 9, 274, 8), (271, 108, 272, 109), (274, 214, 275, 213), (275, 166, 276, 167), (184, 64, 185, 63), (225, 68, 226, 69), (169, 147, 170, 146), (165, 199, 166, 198), (170, 3, 171, 4), (167, 79, 168, 78), (172, 112, 173, 111), (50, 208, 51, 207), (171, 208, 172, 209), (241, 211, 242, 210), (134, 68, 135, 67), (137, 222, 138, 223), (140, 192, 141, 191), (138, 17, 139, 18), (139, 99, 140, 98), (136, 160, 137, 159), (82, 1, 83, 2), (203, 0, 204, 1)]"
K8_20,"[(131, 1, 132, 0), (66, 1, 67, 2), (2, 75, 3, 76), (3, 123, 4, 122), (4, 29, 5, 30), (5, 169, 6, 168), (6, 94, 7, 93), (42, 7, 43, 8), (8, 58, 9, 57), (9, 140, 10, 141), (10, 113, 11, 114), (11, 187, 12, 186), (12, 86, 13, 85), (86, 14, 87, 13), (14, 138, 15, 137), (15, 111, 16, 110), (16, 59, 17, 60), (156, 18, 157, 17), (18, 156, 19, 155), (19, 190, 20, 191), (20, 43, 21, 44), (126, 22, 127, 21), (71, 22, 72, 23), (100, 24, 101, 23), (24, 73, 25, 74), (25, 125, 26, 124), (171, 27, 172, 26), (27, 97, 28, 96), (95, 29, 96, 28), (119, 31, 120, 30), (78, 31, 79, 32), (32, 166, 33, 165), (164, 34, 165, 33), (147, 35, 148, 34), (35, 163, 36, 162), (51, 36, 52, 37), (37, 82, 38, 83), (38, 144, 39, 143), (39, 54, 40, 55), (40, 92, 41, 91), (41, 117, 42, 116), (153, 45, 154, 44), (192, 45, 193, 46), (107, 47, 108, 46), (180, 48, 181, 47), (133, 49, 134, 48), (64, 49, 65, 50), (50, 162, 51, 161), (52, 81, 53, 82), (53, 145, 54, 144), (55, 91, 56, 90), (56, 116, 57, 115), (189, 58, 190, 59), (157, 61, 158, 60), (108, 62, 109, 61), (181, 63, 182, 62), (134, 64, 135, 63), (65, 149, 66, 148), (67, 175, 68, 174), (68, 130, 69, 129), (69, 103, 70, 102), (127, 71, 128, 70), (99, 73, 100, 72), (173, 75, 174, 74), (76, 122, 77, 121), (120, 78, 121, 77), (79, 167, 80, 166), (145, 81, 146, 80), (83, 89, 84, 88), (185, 84, 186, 85), (87, 184, 88, 185), (142, 89, 143, 90), (117, 92, 118, 93), (94, 169, 95, 170), (170, 97, 171, 98), (98, 125, 99, 126), (128, 101, 129, 102), (103, 195, 104, 194), (104, 177, 105, 178), (105, 150, 106, 151), (179, 106, 180, 107), (158, 109, 159, 110), (188, 112, 189, 111), (112, 139, 113, 140), (141, 114, 142, 115), (118, 167, 119, 168), (172, 123, 173, 124), (130, 175, 131, 176), (132, 149, 133, 150), (160, 135, 161, 136), (183, 136, 184, 137), (187, 139, 188, 138), (146, 163, 147, 164), (178, 151, 179, 152), (193, 153, 194, 152), (154, 192, 155, 191), (159, 182, 160, 183), (176, 0, 177, 195)]"
K8_44,"[(3, 1, 4, 0), (1, 30, 2, 31), (29, 2, 30, 3), (57, 5, 58, 4), (22, 5, 23, 6), (47, 7, 48, 6), (7, 55, 8, 54), (8, 25, 9, 26), (34, 10, 35, 9), (10, 34, 11, 33), (11, 45, 12, 44), (31, 13, 32, 12), (28, 13, 29, 14), (41, 15, 42, 14), (15, 65, 16, 64), (16, 40, 17, 39), (62, 18, 63, 17), (18, 62, 19, 61), (50, 20, 51, 19), (20, 50, 21, 49), (58, 22, 59, 21), (23, 57, 24, 56), (45, 25, 46, 24), (35, 27, 36, 26), (27, 43, 28, 42), (32, 43, 33, 44), (36, 53, 37, 54), (52, 37, 53, 38), (63, 38, 64, 39), (40, 65, 41, 0), (46, 55, 47, 56), (59, 48, 60, 49), (51, 60, 52, 61)]"
K8_48,"[(65, 38, 66, 39), (26, 136, 27, 135), (21, 44, 22, 45), (10, 126, 11, 125), (9, 101, 10, 100), (13, 34, 14, 35), (2, 49, 3, 50), (5, 137, 6, 136), (139, 47, 140, 46), (107, 134, 108, 135), (83, 132, 84, 133), (50, 134, 51, 133), (58, 124, 59, 123), (111, 49, 112, 48), (51, 107, 52, 106), (88, 46, 89, 45), (79, 55, 80, 54), (55, 79, 56, 78), (69, 42, 70, 43), (41, 68, 42, 69), (122, 64, 123, 63), (97, 63, 98, 62), (12, 61, 13, 62), (64, 94, 65, 93), (120, 95, 121, 96), (37, 95, 38, 94), (1, 85, 2, 84), (138, 87, 139, 88), (20, 90, 21, 89), (112, 85, 113, 86), (103, 76, 104, 77), (102, 58, 103, 57), (90, 20, 91, 19), (40, 17, 41, 18), (137, 23, 138, 22), (4, 23, 5, 24), (67, 16, 68, 17), (119, 15, 120, 14), (33, 127, 34, 126), (31, 56, 32, 57), (30, 78, 31, 77), (15, 119, 16, 118), (66, 118, 67, 117), (39, 117, 40, 116), (3, 111, 4, 110), (140, 113, 141, 114), (91, 114, 92, 115), (130, 81, 131, 82), (131, 104, 132, 105), (129, 53, 130, 52), (109, 25, 110, 24), (53, 28, 54, 29), (128, 28, 129, 27), (99, 124, 100, 125), (96, 36, 97, 35), (101, 9, 102, 8), (60, 11, 61, 12), (32, 7, 33, 8), (127, 7, 128, 6), (121, 37, 122, 36), (141, 75, 0, 74), (92, 74, 93, 73), (115, 73, 116, 72), (43, 70, 44, 71), (18, 71, 19, 72), (80, 30, 81, 29), (82, 105, 83, 106), (47, 87, 48, 86), (59, 99, 60, 98), (25, 109, 26, 108), (75, 1, 76, 0)]"
K8_51,"[(129, 1, 130, 0), (28, 2, 29, 1), (105, 2, 106, 3), (124, 3, 125, 4), (143, 5, 144, 4), (82, 5, 83, 6), (6, 36, 7, 35), (7, 98, 8, 99), (8, 115, 9, 116), (9, 56, 10, 57), (55, 10, 56, 11), (96, 11, 97, 12), (12, 73, 13, 74), (13, 94, 14, 95), (14, 154, 15, 153), (156, 16, 157, 15), (91, 16, 92, 17), (70, 17, 71, 18), (111, 18, 112, 19), (36, 20, 37, 19), (20, 138, 21, 137), (21, 86, 22, 87), (22, 47, 23, 48), (140, 24, 141, 23), (24, 142, 25, 141), (25, 126, 26, 127), (41, 26, 42, 27), (27, 106, 28, 107), (150, 30, 151, 29), (30, 63, 31, 64), (62, 31, 63, 32), (103, 32, 104, 33), (78, 33, 79, 34), (119, 34, 120, 35), (37, 137, 38, 136), (38, 87, 39, 88), (39, 48, 40, 49), (127, 41, 128, 40), (42, 126, 43, 125), (43, 142, 44, 143), (44, 84, 45, 83), (138, 45, 139, 46), (85, 47, 86, 46), (108, 50, 109, 49), (159, 50, 0, 51), (51, 132, 52, 133), (67, 53, 68, 52), (53, 152, 54, 153), (54, 76, 55, 75), (57, 117, 58, 116), (58, 100, 59, 99), (118, 60, 119, 59), (77, 61, 78, 60), (102, 62, 103, 61), (151, 64, 152, 65), (130, 65, 131, 66), (66, 131, 67, 132), (68, 157, 69, 158), (69, 91, 70, 90), (71, 113, 72, 112), (113, 73, 114, 72), (95, 75, 96, 74), (76, 102, 77, 101), (148, 79, 149, 80), (80, 145, 81, 146), (81, 123, 82, 122), (139, 84, 140, 85), (88, 135, 89, 136), (110, 90, 111, 89), (155, 92, 156, 93), (93, 154, 94, 155), (97, 115, 98, 114), (117, 101, 118, 100), (149, 104, 150, 105), (128, 107, 129, 108), (109, 134, 110, 135), (147, 120, 148, 121), (121, 146, 122, 147), (144, 123, 145, 124), (158, 134, 159, 133)]"
K8_137,"[(10, 44, 11, 43), (8, 89, 9, 90), (24, 10, 25, 9), (56, 13, 57, 14), (71, 12, 72, 13), (86, 11, 87, 12), (104, 7, 105, 8), (25, 43, 26, 42), (6, 22, 7, 21), (23, 88, 24, 89), (72, 45, 73, 46), (87, 44, 88, 45), (57, 46, 58, 47), (103, 40, 104, 41), (74, 60, 75, 59), (107, 61, 108, 60), (1, 58, 2, 59), (114, 65, 115, 66), (69, 85, 70, 84), (2, 73, 3, 74), (78, 112, 79, 111), (3, 106, 4, 107), (52, 27, 53, 28), (105, 22, 106, 23), (17, 27, 18, 26), (67, 28, 68, 29), (110, 78, 111, 77), (15, 68, 16, 69), (55, 71, 56, 70), (49, 117, 50, 116), (66, 115, 67, 116), (14, 83, 15, 84), (102, 92, 103, 91), (54, 86, 55, 85), (96, 110, 97, 109), (97, 77, 98, 76), (95, 63, 96, 62), (92, 19, 93, 20), (4, 38, 5, 37), (93, 36, 94, 37), (39, 21, 40, 20), (41, 90, 42, 91), (38, 6, 39, 5), (32, 75, 33, 76), (34, 61, 35, 62), (33, 108, 34, 109), (63, 101, 64, 100), (79, 99, 80, 98), (112, 100, 113, 99), (35, 94, 36, 95), (113, 51, 114, 50), (64, 52, 65, 51), (80, 117, 81, 0), (81, 49, 82, 48), (82, 29, 83, 30), (18, 101, 19, 102), (16, 53, 17, 54), (30, 47, 31, 48), (31, 1, 32, 0)]"
K8_141,"[(39, 1, 40, 0), (24, 1, 25, 2), (13, 2, 14, 3), (3, 14, 4, 15), (4, 25, 5, 26), (5, 39, 6, 38), (33, 7, 34, 6), (46, 8, 47, 7), (8, 46, 9, 45), (20, 9, 21, 10), (10, 32, 11, 31), (58, 11, 59, 12), (41, 13, 42, 12), (15, 26, 16, 27), (49, 17, 50, 16), (52, 17, 53, 18), (18, 55, 19, 56), (19, 45, 20, 44), (21, 33, 22, 32), (59, 22, 0, 23), (40, 24, 41, 23), (50, 28, 51, 27), (28, 52, 29, 51), (42, 29, 43, 30), (57, 31, 58, 30), (34, 47, 35, 48), (35, 55, 36, 54), (53, 37, 54, 36), (48, 37, 49, 38), (56, 44, 57, 43)]"
K8_169,"[(115, 1, 116, 0), (32, 1, 33, 2), (87, 3, 88, 2), (3, 87, 4, 86), (4, 33, 5, 34), (82, 6, 83, 5), (6, 114, 7, 113), (38, 7, 39, 8), (109, 9, 110, 8), (9, 40, 10, 41), (137, 11, 138, 10), (11, 137, 12, 136), (65, 12, 66, 13), (46, 13, 47, 14), (151, 14, 152, 15), (15, 105, 16, 104), (103, 17, 104, 16), (132, 18, 133, 17), (18, 71, 19, 72), (19, 101, 20, 100), (20, 130, 21, 129), (21, 154, 22, 155), (125, 23, 126, 22), (96, 24, 97, 23), (24, 51, 25, 52), (25, 123, 26, 122), (26, 94, 27, 93), (120, 28, 121, 27), (53, 28, 54, 29), (158, 29, 159, 30), (30, 78, 31, 77), (31, 60, 32, 61), (143, 35, 144, 34), (84, 36, 85, 35), (36, 142, 37, 141), (37, 113, 38, 112), (108, 40, 109, 39), (138, 42, 139, 41), (63, 42, 64, 43), (148, 43, 149, 44), (44, 134, 45, 133), (45, 150, 46, 151), (47, 107, 48, 106), (48, 67, 49, 68), (124, 50, 125, 49), (95, 51, 96, 50), (52, 92, 53, 91), (159, 54, 160, 55), (55, 160, 56, 161), (56, 120, 57, 119), (57, 81, 58, 80), (163, 58, 0, 59), (116, 60, 117, 59), (88, 62, 89, 61), (62, 145, 63, 146), (64, 136, 65, 135), (66, 108, 67, 107), (153, 68, 154, 69), (130, 70, 131, 69), (101, 71, 102, 70), (72, 76, 73, 75), (146, 74, 147, 73), (74, 148, 75, 147), (89, 76, 90, 77), (117, 78, 118, 79), (162, 80, 163, 79), (81, 114, 82, 115), (83, 142, 84, 143), (144, 85, 145, 86), (157, 91, 158, 90), (121, 92, 122, 93), (94, 123, 95, 124), (126, 97, 127, 98), (98, 127, 99, 128), (99, 157, 100, 156), (131, 102, 132, 103), (152, 106, 153, 105), (110, 139, 111, 140), (140, 111, 141, 112), (161, 119, 162, 118), (128, 156, 129, 155), (149, 135, 150, 134)]"
K8_170,"[(11, 64, 12, 65), (13, 62, 14, 63), (41, 61, 42, 60), (30, 72, 31, 71), (27, 6, 28, 7), (5, 28, 6, 29), (4, 49, 5, 50), (67, 10, 68, 11), (52, 75, 53, 76), (55, 35, 56, 34), (54, 21, 55, 22), (59, 18, 60, 19), (66, 46, 67, 45), (24, 53, 25, 54), (23, 32, 24, 33), (25, 75, 26, 74), (63, 12, 64, 13), (40, 15, 41, 16), (38, 17, 39, 18), (31, 76, 32, 77), (29, 51, 30, 50), (73, 27, 74, 26), (51, 73, 52, 72), (47, 8, 48, 9), (57, 37, 58, 36), (44, 66, 45, 65), (16, 39, 17, 40), (61, 43, 62, 42), (33, 22, 34, 23), (35, 57, 36, 56), (19, 58, 20, 59), (20, 37, 21, 38), (3, 70, 4, 71), (14, 43, 15, 44), (77, 68, 78, 69), (78, 10, 79, 9), (79, 46, 0, 47), (69, 2, 70, 3), (48, 1, 49, 2), (7, 1, 8, 0)]"
K8_179,"[(27, 1, 28, 0), (1, 27, 2, 26), (37, 3, 38, 2), (3, 37, 4, 36), (17, 4, 18, 5), (34, 6, 35, 5), (6, 21, 7, 22), (7, 31, 8, 30), (29, 9, 30, 8), (46, 9, 47, 10), (23, 10, 24, 11), (11, 44, 12, 45), (12, 42, 13, 41), (40, 14, 41, 13), (14, 40, 15, 39), (38, 16, 39, 15), (16, 36, 17, 35), (33, 19, 34, 18), (19, 33, 20, 32), (31, 21, 32, 20), (45, 22, 46, 23), (24, 43, 25, 44), (42, 25, 43, 26), (47, 29, 0, 28)]"
K8_183,"[(177, 218, 178, 219), (35, 182, 36, 183), (178, 37, 179, 38), (173, 42, 174, 43), (172, 130, 173, 129), (136, 182, 137, 181), (207, 192, 208, 193), (216, 183, 217, 184), (26, 193, 27, 194), (70, 187, 71, 188), (83, 180, 84, 181), (145, 191, 146, 190), (109, 195, 110, 194), (68, 189, 69, 190), (157, 201, 158, 200), (197, 60, 198, 61), (199, 102, 200, 103), (196, 112, 197, 111), (103, 202, 104, 203), (79, 215, 80, 214), (134, 217, 135, 218), (174, 1, 175, 2), (12, 92, 13, 91), (163, 10, 164, 11), (135, 36, 136, 37), (165, 50, 166, 51), (161, 92, 162, 93), (156, 101, 157, 102), (166, 106, 167, 105), (155, 115, 156, 114), (169, 127, 170, 126), (198, 154, 199, 153), (113, 155, 114, 154), (204, 151, 205, 152), (23, 148, 24, 149), (74, 141, 75, 142), (17, 118, 18, 119), (11, 162, 12, 163), (14, 98, 15, 97), (5, 104, 6, 105), (147, 66, 148, 67), (24, 66, 25, 65), (203, 63, 204, 62), (188, 69, 189, 70), (112, 59, 113, 60), (58, 117, 59, 118), (53, 160, 54, 161), (55, 99, 56, 98), (56, 16, 57, 15), (49, 106, 50, 107), (52, 94, 53, 93), (46, 125, 47, 126), (77, 33, 78, 32), (211, 31, 212, 30), (144, 27, 145, 28), (72, 30, 73, 29), (185, 28, 186, 29), (124, 47, 125, 48), (123, 169, 124, 168), (120, 9, 121, 10), (119, 90, 120, 91), (122, 108, 123, 107), (115, 100, 116, 101), (146, 209, 147, 210), (67, 211, 68, 210), (191, 208, 192, 209), (25, 207, 26, 206), (99, 116, 100, 117), (94, 159, 95, 160), (96, 14, 97, 13), (89, 108, 90, 109), (95, 55, 96, 54), (212, 74, 213, 73), (31, 77, 32, 76), (140, 75, 141, 76), (186, 71, 187, 72), (48, 167, 49, 168), (45, 5, 46, 4), (149, 22, 150, 23), (205, 21, 206, 20), (195, 18, 196, 19), (64, 22, 65, 21), (110, 19, 111, 20), (130, 221, 131, 0), (131, 40, 132, 41), (128, 172, 129, 171), (63, 150, 64, 151), (201, 159, 202, 158), (219, 176, 220, 177), (2, 44, 3, 43), (220, 133, 221, 134), (215, 81, 216, 80), (179, 84, 180, 85), (137, 82, 138, 83), (8, 121, 9, 122), (7, 164, 8, 165), (6, 52, 7, 51), (152, 61, 153, 62), (16, 58, 17, 57), (88, 127, 89, 128), (87, 170, 88, 171), (86, 4, 87, 3), (85, 45, 86, 44), (184, 144, 185, 143), (78, 139, 79, 140), (33, 138, 34, 139), (213, 142, 214, 143), (34, 82, 35, 81), (39, 132, 40, 133), (38, 175, 39, 176), (41, 1, 42, 0)]"
K8_194,"[(16, 7, 17, 8), (45, 6, 46, 7), (86, 1, 87, 2), (10, 49, 11, 50), (9, 88, 10, 89), (14, 84, 15, 83), (15, 45, 16, 44), (84, 24, 85, 23), (61, 36, 62, 37), (65, 28, 66, 29), (101, 32, 102, 33), (31, 102, 32, 103), (78, 51, 79, 52), (87, 49, 88, 48), (60, 98, 61, 97), (79, 90, 80, 91), (3, 22, 4, 23), (5, 20, 6, 21), (47, 19, 48, 18), (33, 13, 34, 12), (43, 83, 44, 82), (39, 56, 40, 57), (40, 95, 41, 96), (37, 58, 38, 59), (34, 99, 35, 100), (21, 4, 22, 5), (54, 41, 55, 42), (62, 13, 63, 14), (52, 81, 53, 82), (50, 90, 51, 89), (103, 30, 104, 31), (98, 35, 99, 36), (96, 60, 97, 59), (2, 74, 3, 73), (93, 42, 94, 43), (92, 54, 93, 53), (100, 11, 101, 12), (91, 80, 92, 81), (85, 72, 86, 73), (17, 76, 18, 77), (46, 75, 47, 76), (77, 9, 78, 8), (74, 19, 75, 20), (106, 68, 107, 67), (57, 38, 58, 39), (55, 95, 56, 94), (29, 64, 30, 65), (104, 64, 105, 63), (66, 106, 67, 105), (27, 68, 28, 69), (24, 107, 25, 0), (25, 70, 26, 71), (69, 26, 70, 27), (71, 1, 72, 0)]"
K8_198,"[(33, 20, 34, 21), (35, 10, 0, 11), (11, 34, 12, 35), (7, 30, 8, 31), (21, 32, 22, 33), (22, 14, 23, 13), (23, 5, 24, 4), (14, 6, 15, 5), (29, 8, 30, 9), (28, 15, 29, 16), (3, 25, 4, 24), (31, 6, 32, 7), (25, 3, 26, 2), (26, 17, 27, 18), (16, 27, 17, 28), (18, 1, 19, 2), (12, 20, 13, 19), (9, 0, 10, 1)]"
K8_199,"[(25, 1, 26, 0), (12, 1, 13, 2), (2, 13, 3, 14), (34, 4, 35, 3), (4, 24, 5, 23), (38, 5, 39, 6), (6, 39, 7, 40), (20, 8, 21, 7), (41, 8, 42, 9), (9, 17, 10, 16), (10, 30, 11, 29), (28, 12, 29, 11), (35, 15, 36, 14), (15, 37, 16, 36), (30, 17, 31, 18), (18, 31, 19, 32), (42, 20, 43, 19), (21, 41, 22, 40), (37, 23, 38, 22), (33, 24, 34, 25), (45, 27, 0, 26), (27, 45, 28, 44), (43, 33, 44, 32)]"
K8_205,"[(11, 1, 12, 0), (1, 9, 2, 8), (2, 20, 3, 19), (6, 4, 7, 3), (4, 28, 5, 27), (28, 6, 29, 5), (7, 18, 8, 19), (20, 9, 21, 10), (10, 21, 11, 22), (23, 12, 24, 13), (34, 14, 35, 13), (39, 15, 40, 14), (15, 39, 16, 38), (16, 34, 17, 33), (17, 24, 18, 25), (22, 0, 23, 41), (32, 26, 33, 25), (26, 32, 27, 31), (29, 36, 30, 37), (37, 30, 38, 31), (35, 40, 36, 41)]"
K8_206,"[(19, 1, 20, 0), (1, 19, 2, 18), (11, 2, 12, 3), (3, 12, 4, 13), (23, 5, 24, 4), (28, 5, 29, 6), (6, 22, 7, 21), (20, 8, 21, 7), (8, 18, 9, 17), (16, 10, 17, 9), (10, 16, 11, 15), (26, 13, 27, 14), (14, 25, 15, 26), (29, 23, 0, 22), (24, 28, 25, 27)]"
K8_208,"[(10, 46, 11, 45), (7, 35, 8, 34), (4, 21, 5, 22), (35, 7, 36, 6), (18, 3, 19, 4), (25, 51, 26, 50), (49, 32, 50, 33), (19, 39, 20, 38), (22, 34, 23, 33), (37, 21, 38, 20), (12, 44, 13, 43), (5, 37, 6, 36), (51, 43, 52, 42), (41, 15, 42, 14), (39, 28, 40, 29), (16, 28, 17, 27), (1, 27, 2, 26), (30, 10, 31, 9), (31, 25, 32, 24), (29, 46, 30, 47), (52, 13, 53, 14), (44, 12, 45, 11), (2, 17, 3, 18), (47, 9, 48, 8), (48, 24, 49, 23), (40, 0, 41, 53), (15, 0, 16, 1)]"
K8_221,"[(1, 43, 2, 42), (64, 46, 65, 45), (11, 58, 12, 59), (12, 16, 13, 15), (10, 30, 11, 29), (50, 14, 51, 13), (17, 38, 18, 39), (41, 20, 42, 21), (61, 25, 62, 24), (48, 25, 49, 26), (57, 31, 58, 30), (62, 48, 63, 47), (56, 9, 57, 10), (16, 4, 17, 3), (31, 9, 32, 8), (35, 7, 36, 6), (37, 5, 38, 4), (59, 52, 60, 53), (28, 54, 29, 53), (14, 52, 15, 51), (32, 56, 33, 55), (26, 49, 27, 50), (7, 35, 8, 34), (27, 61, 28, 60), (23, 44, 24, 45), (39, 18, 40, 19), (2, 22, 3, 21), (19, 40, 20, 41), (22, 0, 23, 65), (54, 34, 55, 33), (46, 64, 47, 63), (5, 37, 6, 36), (43, 1, 44, 0)]"
K8_224,"[(33, 1, 34, 0), (1, 58, 2, 59), (2, 36, 3, 35), (82, 3, 83, 4), (39, 5, 40, 4), (5, 41, 6, 40), (41, 7, 42, 6), (7, 80, 8, 81), (79, 8, 80, 9), (9, 78, 10, 79), (77, 10, 78, 11), (11, 76, 12, 77), (75, 12, 76, 13), (13, 47, 14, 46), (14, 71, 15, 72), (70, 15, 71, 16), (16, 69, 17, 70), (68, 17, 69, 18), (47, 19, 48, 18), (19, 49, 20, 48), (20, 67, 21, 68), (96, 21, 97, 22), (53, 23, 54, 22), (62, 23, 63, 24), (24, 56, 25, 55), (25, 94, 26, 95), (101, 27, 102, 26), (27, 103, 28, 102), (103, 29, 104, 28), (92, 29, 93, 30), (30, 89, 31, 90), (88, 31, 89, 32), (32, 87, 33, 88), (34, 59, 35, 60), (85, 36, 86, 37), (37, 84, 38, 85), (83, 38, 84, 39), (42, 81, 43, 82), (74, 43, 75, 44), (44, 73, 45, 74), (72, 45, 73, 46), (98, 49, 99, 50), (50, 65, 51, 66), (64, 51, 65, 52), (52, 63, 53, 64), (61, 54, 62, 55), (56, 99, 57, 100), (86, 58, 87, 57), (60, 96, 61, 95), (97, 67, 98, 66), (105, 90, 0, 91), (91, 104, 92, 105), (100, 93, 101, 94)]"
K8_226,"[(38, 97, 39, 98), (96, 39, 97, 40), (47, 90, 48, 91), (31, 72, 32, 73), (118, 73, 119, 74), (109, 75, 110, 74), (113, 83, 114, 82), (21, 80, 22, 81), (11, 92, 12, 93), (6, 65, 7, 66), (12, 46, 13, 45), (17, 86, 18, 87), (43, 94, 44, 95), (49, 15, 50, 14), (54, 115, 55, 116), (64, 105, 65, 106), (32, 107, 33, 108), (119, 108, 120, 109), (71, 107, 72, 106), (36, 67, 37, 68), (117, 31, 118, 30), (75, 28, 76, 29), (110, 29, 111, 30), (78, 55, 79, 56), (24, 58, 25, 57), (112, 53, 113, 54), (91, 46, 92, 47), (85, 18, 86, 19), (81, 115, 82, 114), (99, 67, 100, 66), (68, 102, 69, 101), (77, 116, 78, 117), (76, 112, 77, 111), (79, 22, 80, 23), (59, 27, 60, 26), (35, 100, 36, 101), (70, 5, 71, 6), (33, 5, 34, 4), (42, 10, 43, 9), (88, 15, 89, 16), (58, 83, 59, 84), (60, 52, 61, 51), (56, 20, 57, 19), (69, 34, 70, 35), (8, 42, 9, 41), (98, 37, 99, 38), (3, 45, 4, 44), (2, 93, 3, 94), (1, 11, 2, 10), (87, 62, 88, 63), (50, 62, 51, 61), (16, 64, 17, 63), (27, 53, 28, 52), (23, 21, 24, 20), (25, 84, 26, 85), (104, 7, 105, 8), (102, 96, 103, 95), (103, 40, 104, 41), (48, 0, 49, 121), (13, 121, 14, 120), (89, 0, 90, 1)]"
K8_234,"[(44, 28, 45, 27), (30, 6, 31, 5), (59, 27, 60, 26), (13, 24, 14, 25), (51, 21, 52, 20), (17, 55, 18, 54), (23, 12, 24, 13), (18, 0, 19, 63), (10, 50, 11, 49), (60, 45, 61, 46), (22, 48, 23, 47), (53, 62, 54, 63), (50, 10, 51, 9), (8, 40, 9, 39), (52, 37, 53, 38), (57, 32, 58, 33), (19, 39, 20, 38), (36, 22, 37, 21), (35, 48, 36, 49), (25, 14, 26, 15), (46, 16, 47, 15), (34, 12, 35, 11), (61, 17, 62, 16), (4, 30, 5, 29), (2, 41, 3, 42), (43, 58, 44, 59), (6, 56, 7, 55), (3, 56, 4, 57), (42, 33, 43, 34), (28, 32, 29, 31), (40, 1, 41, 2), (7, 1, 8, 0)]"
K8_236,"[(57, 10, 58, 11), (8, 55, 9, 56), (76, 49, 77, 50), (79, 46, 80, 47), (80, 15, 81, 16), (24, 69, 25, 70), (56, 32, 57, 31), (16, 48, 17, 47), (44, 81, 45, 82), (72, 21, 73, 22), (33, 55, 34, 54), (71, 52, 72, 53), (22, 54, 23, 53), (20, 73, 21, 74), (51, 74, 52, 75), (35, 70, 36, 71), (7, 69, 8, 68), (17, 78, 18, 79), (48, 77, 49, 78), (45, 15, 46, 14), (75, 18, 76, 19), (50, 20, 51, 19), (6, 25, 7, 26), (34, 24, 35, 23), (3, 30, 4, 31), (1, 65, 2, 64), (67, 5, 68, 4), (26, 5, 27, 6), (32, 9, 33, 10), (82, 60, 83, 59), (40, 63, 41, 64), (38, 30, 39, 29), (43, 58, 44, 59), (2, 39, 3, 40), (27, 37, 28, 36), (66, 37, 67, 38), (60, 0, 61, 83), (62, 41, 63, 42), (65, 28, 66, 29), (12, 61, 13, 62), (11, 43, 12, 42), (13, 0, 14, 1)]"
K8_238,"[(124, 69, 125, 70), (25, 70, 26, 71), (71, 115, 72, 114), (73, 30, 74, 31), (19, 109, 20, 108), (111, 32, 112, 33), (123, 16, 124, 17), (24, 17, 25, 18), (18, 35, 19, 36), (46, 146, 47, 145), (95, 144, 96, 145), (48, 148, 49, 147), (54, 2, 55, 1), (96, 45, 97, 46), (146, 48, 147, 47), (149, 51, 150, 50), (2, 56, 3, 55), (39, 104, 40, 105), (110, 133, 111, 134), (33, 135, 34, 134), (101, 138, 102, 139), (58, 83, 59, 84), (66, 77, 67, 78), (65, 120, 66, 121), (61, 22, 62, 23), (68, 75, 69, 76), (62, 12, 63, 11), (130, 30, 131, 29), (107, 36, 108, 37), (132, 113, 133, 114), (34, 109, 35, 110), (151, 90, 0, 91), (9, 61, 10, 60), (5, 86, 6, 87), (7, 84, 8, 85), (15, 122, 16, 123), (10, 23, 11, 24), (13, 80, 14, 81), (28, 130, 29, 129), (115, 128, 116, 129), (31, 112, 32, 113), (127, 116, 128, 117), (72, 131, 73, 132), (56, 4, 57, 3), (59, 9, 60, 8), (91, 150, 92, 151), (85, 6, 86, 7), (79, 64, 80, 65), (105, 38, 106, 39), (81, 12, 82, 13), (76, 67, 77, 68), (82, 22, 83, 21), (78, 122, 79, 121), (20, 135, 21, 136), (14, 64, 15, 63), (148, 93, 149, 94), (49, 94, 50, 95), (117, 126, 118, 127), (118, 27, 119, 28), (119, 75, 120, 74), (125, 27, 126, 26), (4, 58, 5, 57), (92, 51, 93, 52), (141, 100, 142, 101), (136, 42, 137, 41), (143, 98, 144, 99), (140, 44, 141, 43), (37, 106, 38, 107), (137, 102, 138, 103), (42, 140, 43, 139), (44, 97, 45, 98), (103, 40, 104, 41), (99, 142, 100, 143), (52, 89, 53, 90), (88, 53, 89, 54), (87, 0, 88, 1)]"
K8_240,"[(12, 87, 13, 88), (161, 87, 0, 86), (137, 156, 138, 157), (44, 67, 45, 68), (36, 158, 37, 157), (113, 154, 114, 155), (111, 43, 112, 42), (109, 65, 110, 64), (134, 18, 135, 17), (114, 20, 115, 19), (39, 14, 40, 15), (155, 19, 156, 18), (110, 3, 111, 4), (38, 10, 39, 9), (62, 8, 63, 7), (133, 6, 134, 7), (5, 132, 6, 133), (2, 66, 3, 65), (4, 42, 5, 41), (1, 108, 2, 109), (102, 125, 103, 126), (49, 125, 50, 124), (70, 124, 71, 123), (150, 127, 151, 128), (23, 127, 24, 126), (129, 67, 130, 66), (130, 44, 131, 43), (128, 107, 129, 108), (104, 48, 105, 47), (153, 69, 154, 68), (152, 46, 153, 45), (151, 106, 152, 107), (22, 104, 23, 103), (21, 48, 22, 49), (20, 69, 21, 70), (73, 101, 74, 100), (71, 50, 72, 51), (46, 106, 47, 105), (24, 150, 25, 149), (77, 145, 78, 144), (96, 145, 97, 146), (119, 146, 120, 147), (121, 98, 122, 99), (120, 76, 121, 75), (148, 26, 149, 25), (101, 27, 102, 26), (72, 27, 73, 28), (122, 30, 123, 29), (31, 80, 32, 81), (32, 94, 33, 93), (33, 141, 34, 140), (79, 117, 80, 116), (95, 118, 96, 119), (142, 117, 143, 118), (30, 116, 31, 115), (61, 16, 62, 17), (57, 159, 58, 158), (37, 58, 38, 59), (89, 57, 90, 56), (84, 55, 85, 56), (136, 60, 137, 59), (141, 94, 142, 95), (143, 79, 144, 78), (81, 139, 82, 138), (92, 139, 93, 140), (60, 136, 61, 135), (112, 131, 113, 132), (10, 159, 11, 160), (8, 16, 9, 15), (63, 40, 64, 41), (91, 35, 92, 34), (82, 35, 83, 36), (54, 148, 55, 147), (51, 28, 52, 29), (53, 74, 54, 75), (52, 100, 53, 99), (97, 77, 98, 76), (13, 161, 14, 160), (83, 91, 84, 90), (88, 11, 89, 12), (85, 1, 86, 0)]"
K8_241,"[(34, 16, 35, 15), (44, 32, 45, 31), (30, 5, 31, 6), (45, 7, 46, 6), (36, 12, 37, 11), (14, 36, 15, 35), (38, 49, 39, 50), (9, 53, 10, 52), (23, 51, 24, 50), (47, 29, 48, 28), (27, 41, 28, 40), (48, 39, 49, 40), (13, 26, 14, 27), (37, 25, 38, 24), (20, 2, 21, 1), (29, 47, 30, 46), (2, 20, 3, 19), (41, 16, 42, 17), (51, 23, 52, 22), (53, 9, 0, 8), (4, 44, 5, 43), (25, 12, 26, 13), (17, 42, 18, 43), (3, 32, 4, 33), (18, 34, 19, 33), (10, 21, 11, 22), (7, 1, 8, 0)]"
K8_245,"[(77, 93, 78, 92), (76, 17, 77, 18), (91, 73, 92, 72), (2, 68, 3, 67), (68, 58, 69, 57), (35, 56, 36, 57), (5, 55, 6, 54), (88, 52, 89, 51), (39, 52, 40, 53), (20, 55, 21, 56), (50, 8, 51, 7), (46, 95, 47, 0), (93, 48, 94, 49), (4, 21, 5, 22), (85, 24, 86, 25), (6, 90, 7, 89), (43, 66, 44, 67), (18, 73, 19, 74), (12, 48, 13, 47), (14, 63, 15, 64), (10, 79, 11, 80), (11, 94, 12, 95), (70, 19, 71, 20), (42, 24, 43, 23), (13, 31, 14, 30), (75, 61, 76, 60), (78, 49, 79, 50), (81, 26, 82, 27), (82, 9, 83, 10), (8, 83, 9, 84), (41, 86, 42, 87), (25, 84, 26, 85), (71, 91, 72, 90), (58, 33, 59, 34), (64, 2, 65, 1), (61, 16, 62, 17), (59, 75, 60, 74), (65, 44, 66, 45), (53, 38, 54, 39), (3, 36, 4, 37), (87, 40, 88, 41), (69, 34, 70, 35), (22, 38, 23, 37), (28, 46, 29, 45), (31, 62, 32, 63), (32, 16, 33, 15), (27, 80, 28, 81), (29, 0, 30, 1)]"
K8_247,"[(5, 1, 6, 0), (1, 7, 2, 6), (2, 21, 3, 22), (16, 3, 17, 4), (11, 5, 12, 4), (7, 20, 8, 21), (19, 8, 20, 9), (9, 18, 10, 19), (17, 10, 18, 11), (12, 15, 13, 16), (22, 13, 23, 14), (14, 23, 15, 0)]"
K8_249,"[(8, 4, 9, 3), (19, 2, 20, 3), (4, 21, 5, 22), (16, 11, 17, 12), (12, 17, 13, 18), (20, 7, 21, 8), (24, 14, 25, 13), (1, 7, 2, 6), (27, 22, 0, 23), (10, 15, 11, 16), (25, 19, 26, 18), (14, 24, 15, 23), (9, 27, 10, 26), (5, 1, 6, 0)]"
K8_250,"[(41, 1, 42, 0), (1, 25, 2, 24), (23, 3, 24, 2), (3, 23, 4, 22), (4, 40, 5, 39), (38, 6, 39, 5), (21, 7, 22, 6), (7, 19, 8, 18), (8, 36, 9, 35), (48, 9, 49, 10), (10, 47, 11, 48), (11, 34, 12, 35), (12, 17, 13, 18), (52, 14, 53, 13), (31, 14, 32, 15), (15, 32, 16, 33), (16, 52, 17, 51), (36, 19, 37, 20), (20, 37, 21, 38), (40, 25, 41, 26), (26, 0, 27, 59), (58, 28, 59, 27), (28, 56, 29, 55), (29, 44, 30, 45), (53, 31, 54, 30), (33, 51, 34, 50), (57, 43, 58, 42), (43, 57, 44, 56), (54, 46, 55, 45), (46, 50, 47, 49)]"
K8_252,"[(11, 26, 12, 27), (10, 41, 11, 42), (13, 59, 14, 58), (14, 78, 15, 77), (12, 0, 13, 97), (46, 17, 47, 18), (74, 16, 75, 15), (61, 25, 62, 24), (80, 26, 81, 25), (2, 24, 3, 23), (28, 58, 29, 57), (29, 77, 30, 76), (27, 97, 28, 96), (44, 31, 45, 32), (65, 41, 66, 40), (86, 40, 87, 39), (5, 39, 6, 38), (42, 56, 43, 55), (47, 73, 48, 72), (43, 95, 44, 94), (51, 69, 52, 68), (67, 53, 68, 52), (8, 54, 9, 53), (60, 1, 61, 2), (62, 81, 63, 82), (7, 66, 8, 67), (84, 63, 85, 64), (64, 85, 65, 86), (3, 82, 4, 83), (83, 4, 84, 5), (6, 87, 7, 88), (91, 17, 92, 16), (90, 73, 91, 74), (92, 46, 93, 45), (54, 10, 55, 9), (35, 20, 36, 21), (34, 49, 35, 50), (33, 71, 34, 70), (36, 90, 37, 89), (93, 33, 94, 32), (19, 48, 20, 49), (18, 72, 19, 71), (21, 89, 22, 88), (22, 37, 23, 38), (95, 56, 96, 57), (75, 31, 76, 30), (69, 51, 70, 50), (78, 59, 79, 60), (79, 0, 80, 1)]"
K8_257,"[(70, 105, 71, 106), (74, 103, 75, 104), (2, 65, 3, 66), (108, 69, 109, 70), (4, 63, 5, 64), (13, 24, 14, 25), (8, 31, 9, 32), (18, 51, 19, 52), (7, 60, 8, 61), (15, 87, 16, 86), (93, 17, 94, 16), (83, 20, 84, 21), (39, 106, 40, 107), (45, 100, 46, 101), (48, 97, 49, 98), (96, 49, 97, 50), (37, 69, 38, 68), (95, 80, 96, 81), (41, 73, 42, 72), (44, 78, 45, 77), (50, 82, 51, 81), (52, 85, 53, 86), (58, 11, 59, 12), (54, 26, 55, 25), (57, 29, 58, 28), (104, 73, 105, 74), (21, 84, 22, 85), (23, 14, 24, 15), (22, 54, 23, 53), (98, 47, 99, 48), (79, 47, 80, 46), (64, 3, 65, 4), (101, 42, 102, 43), (76, 44, 77, 43), (62, 5, 63, 6), (107, 38, 108, 39), (71, 41, 72, 40), (88, 55, 89, 56), (89, 26, 90, 27), (87, 13, 88, 12), (29, 10, 30, 11), (27, 57, 28, 56), (66, 36, 67, 35), (1, 34, 2, 35), (17, 95, 18, 94), (19, 82, 20, 83), (102, 75, 103, 76), (36, 109, 37, 0), (9, 91, 10, 90), (59, 92, 60, 93), (33, 6, 34, 7), (32, 62, 33, 61), (30, 91, 31, 92), (78, 99, 79, 100), (67, 0, 68, 1)]"
K8_259,"[(19, 4, 20, 5), (7, 13, 8, 12), (13, 9, 14, 8), (22, 9, 23, 10), (21, 14, 22, 15), (15, 20, 16, 21), (17, 2, 18, 3), (3, 16, 4, 17), (11, 7, 12, 6), (1, 18, 2, 19), (10, 23, 11, 0), (5, 0, 6, 1)]"
K8_263,"[(2, 32, 3, 31), (118, 92, 119, 91), (27, 7, 28, 6), (4, 30, 5, 29), (7, 82, 8, 83), (20, 14, 21, 13), (54, 11, 55, 12), (83, 8, 84, 9), (102, 10, 103, 9), (19, 57, 20, 56), (26, 82, 27, 81), (46, 62, 47, 61), (44, 66, 45, 65), (105, 51, 106, 50), (109, 62, 110, 63), (111, 66, 112, 67), (30, 4, 31, 3), (39, 92, 40, 93), (37, 121, 38, 120), (49, 107, 50, 106), (78, 36, 79, 35), (74, 117, 75, 118), (76, 94, 77, 93), (119, 39, 120, 38), (94, 80, 95, 79), (96, 2, 97, 1), (95, 32, 96, 33), (121, 35, 0, 34), (36, 78, 37, 77), (116, 73, 117, 74), (72, 115, 73, 116), (75, 41, 76, 40), (53, 88, 54, 89), (23, 87, 24, 86), (101, 85, 102, 84), (60, 48, 61, 47), (59, 108, 60, 109), (107, 58, 108, 59), (48, 58, 49, 57), (90, 104, 91, 103), (89, 52, 90, 53), (69, 19, 70, 18), (113, 17, 114, 16), (42, 17, 43, 18), (15, 105, 16, 104), (14, 51, 15, 52), (10, 87, 11, 88), (100, 25, 101, 26), (85, 25, 86, 24), (12, 22, 13, 21), (55, 23, 56, 22), (67, 112, 68, 113), (68, 44, 69, 43), (28, 97, 29, 98), (5, 99, 6, 98), (80, 100, 81, 99), (63, 110, 64, 111), (64, 46, 65, 45), (41, 71, 42, 70), (114, 71, 115, 72), (33, 1, 34, 0)]"
K8_265,"[(12, 24, 13, 23), (37, 26, 0, 27), (1, 24, 2, 25), (22, 5, 23, 6), (17, 32, 18, 33), (21, 30, 22, 31), (14, 35, 15, 36), (36, 13, 37, 14), (11, 2, 12, 3), (27, 11, 28, 10), (8, 34, 9, 33), (3, 29, 4, 28), (34, 15, 35, 16), (9, 16, 10, 17), (6, 19, 7, 20), (29, 5, 30, 4), (31, 20, 32, 21), (18, 7, 19, 8), (25, 0, 26, 1)]"
K8_270,"[(10, 28, 11, 27), (97, 4, 98, 5), (7, 100, 8, 101), (76, 11, 77, 12), (113, 15, 114, 14), (37, 16, 38, 17), (21, 85, 22, 84), (19, 107, 20, 106), (44, 25, 45, 26), (64, 23, 65, 24), (83, 25, 84, 24), (109, 35, 110, 34), (41, 60, 42, 61), (38, 92, 39, 91), (39, 109, 40, 108), (46, 104, 47, 103), (112, 56, 113, 55), (62, 86, 63, 85), (57, 111, 58, 110), (2, 74, 3, 73), (88, 107, 89, 108), (111, 94, 112, 95), (1, 96, 2, 97), (6, 79, 7, 80), (99, 78, 100, 79), (67, 81, 68, 80), (72, 4, 73, 3), (101, 49, 102, 48), (8, 50, 9, 49), (87, 41, 88, 40), (71, 52, 72, 53), (30, 47, 31, 48), (31, 83, 32, 82), (28, 10, 29, 9), (29, 103, 30, 102), (32, 65, 33, 66), (98, 70, 99, 69), (5, 69, 6, 68), (81, 67, 82, 66), (51, 70, 52, 71), (12, 75, 13, 76), (13, 115, 14, 114), (17, 91, 18, 90), (15, 36, 16, 37), (22, 63, 23, 64), (104, 46, 105, 45), (20, 43, 21, 44), (61, 42, 62, 43), (50, 78, 51, 77), (53, 74, 54, 75), (54, 0, 55, 115), (56, 94, 57, 93), (58, 33, 59, 34), (105, 27, 106, 26), (86, 60, 87, 59), (92, 36, 93, 35), (89, 19, 90, 18), (95, 0, 96, 1)]"
K8_272,"[(31, 1, 32, 0), (12, 1, 13, 2), (2, 13, 3, 14), (3, 31, 4, 30), (27, 5, 28, 4), (16, 5, 17, 6), (6, 17, 7, 18), (7, 27, 8, 26), (19, 8, 20, 9), (24, 10, 25, 9), (10, 34, 11, 33), (32, 12, 33, 11), (14, 30, 15, 29), (28, 16, 29, 15), (18, 26, 19, 25), (23, 21, 24, 20), (21, 35, 22, 34), (35, 23, 0, 22)]"
K8_277,"[(15, 1, 16, 0), (20, 1, 21, 2), (2, 23, 3, 24), (24, 3, 25, 4), (4, 12, 5, 11), (5, 26, 6, 27), (17, 7, 18, 6), (7, 31, 8, 30), (29, 9, 30, 8), (9, 29, 10, 28), (10, 20, 11, 19), (25, 13, 26, 12), (13, 23, 14, 22), (21, 15, 22, 14), (31, 17, 0, 16), (27, 18, 28, 19)]"
K8_280,"[(3, 1, 4, 0), (1, 17, 2, 16), (17, 3, 18, 2), (4, 11, 5, 12), (14, 5, 15, 6), (31, 7, 32, 6), (7, 31, 8, 30), (27, 9, 28, 8), (9, 27, 10, 26), (10, 15, 11, 16), (23, 13, 24, 12), (13, 23, 14, 22), (18, 25, 19, 26), (28, 19, 29, 20), (20, 29, 21, 30), (32, 21, 33, 22), (24, 33, 25, 0)]"
K8_281,"[(15, 1, 16, 0), (1, 21, 2, 20), (2, 14, 3, 13), (12, 4, 13, 3), (4, 19, 5, 20), (5, 11, 6, 10), (17, 6, 18, 7), (24, 7, 25, 8), (8, 23, 9, 24), (9, 16, 10, 17), (18, 11, 19, 12), (21, 15, 22, 14), (22, 0, 23, 25)]"
K8_286,"[(107, 53, 108, 52), (154, 51, 155, 52), (78, 50, 79, 49), (17, 50, 18, 51), (39, 58, 40, 59), (109, 152, 110, 153), (150, 111, 151, 112), (40, 12, 41, 11), (16, 79, 17, 80), (108, 82, 109, 81), (153, 80, 154, 81), (55, 12, 56, 13), (77, 122, 78, 123), (155, 121, 156, 120), (106, 119, 107, 120), (18, 122, 19, 121), (10, 59, 11, 60), (9, 39, 10, 38), (151, 15, 152, 14), (110, 15, 111, 16), (123, 76, 124, 77), (162, 103, 163, 104), (23, 104, 24, 105), (133, 98, 134, 99), (48, 76, 49, 75), (44, 106, 45, 105), (45, 126, 46, 127), (46, 21, 47, 22), (47, 158, 48, 159), (82, 13, 83, 14), (118, 43, 119, 44), (101, 164, 102, 165), (73, 160, 74, 161), (69, 101, 70, 100), (19, 157, 20, 156), (60, 88, 61, 87), (35, 86, 36, 87), (141, 84, 142, 85), (6, 85, 7, 86), (124, 158, 125, 157), (125, 21, 126, 20), (5, 141, 6, 140), (146, 57, 147, 58), (143, 37, 144, 36), (142, 8, 143, 7), (54, 41, 55, 42), (42, 53, 43, 54), (99, 69, 100, 68), (102, 25, 103, 26), (97, 134, 98, 135), (91, 115, 92, 114), (92, 3, 93, 4), (90, 139, 91, 140), (88, 33, 89, 34), (89, 63, 90, 62), (71, 26, 72, 27), (74, 129, 75, 130), (65, 117, 66, 116), (70, 165, 71, 0), (63, 138, 64, 139), (61, 34, 62, 35), (66, 96, 67, 95), (112, 149, 113, 150), (83, 148, 84, 149), (8, 146, 9, 145), (56, 147, 57, 148), (37, 145, 38, 144), (28, 93, 29, 94), (31, 64, 32, 65), (32, 138, 33, 137), (29, 3, 30, 2), (30, 115, 31, 116), (22, 128, 23, 127), (1, 94, 2, 95), (161, 72, 162, 73), (4, 113, 5, 114), (163, 25, 164, 24), (159, 129, 160, 128), (135, 96, 136, 97), (132, 67, 133, 68), (136, 117, 137, 118), (130, 28, 131, 27), (131, 1, 132, 0)]"
K8_287,"[(29, 19, 30, 18), (12, 25, 13, 26), (28, 11, 29, 12), (21, 4, 22, 5), (3, 26, 4, 27), (7, 20, 8, 21), (34, 19, 35, 20), (22, 13, 23, 14), (6, 16, 7, 15), (33, 17, 34, 16), (14, 6, 15, 5), (1, 11, 2, 10), (35, 9, 0, 8), (31, 24, 32, 25), (27, 2, 28, 3), (17, 31, 18, 30), (23, 32, 24, 33), (9, 1, 10, 0)]"
K8_288,"[(20, 3, 21, 4), (29, 6, 30, 7), (36, 7, 37, 8), (4, 14, 5, 13), (15, 39, 16, 38), (39, 24, 0, 25), (2, 33, 3, 34), (9, 28, 10, 29), (11, 26, 12, 27), (21, 33, 22, 32), (19, 12, 20, 13), (8, 35, 9, 36), (27, 10, 28, 11), (5, 18, 6, 19), (30, 18, 31, 17), (37, 17, 38, 16), (34, 26, 35, 25), (31, 14, 32, 15), (1, 22, 2, 23), (23, 0, 24, 1)]"
K8_291,"[(29, 1, 30, 0), (1, 29, 2, 28), (2, 14, 3, 13), (12, 4, 13, 3), (27, 5, 28, 4), (5, 25, 6, 24), (6, 10, 7, 9), (32, 7, 33, 8), (8, 31, 9, 32), (17, 10, 18, 11), (11, 20, 12, 21), (14, 0, 15, 35), (22, 15, 23, 16), (33, 17, 34, 16), (18, 25, 19, 26), (26, 19, 27, 20), (21, 35, 22, 34), (23, 30, 24, 31)]"
K8_292,"[(1, 59, 2, 58), (5, 51, 6, 50), (80, 96, 81, 95), (12, 44, 13, 43), (35, 45, 36, 44), (76, 53, 77, 54), (9, 32, 10, 33), (48, 8, 49, 7), (31, 8, 32, 9), (30, 72, 31, 71), (4, 74, 5, 73), (51, 74, 52, 75), (47, 87, 48, 86), (15, 92, 16, 93), (36, 89, 37, 90), (57, 3, 58, 2), (67, 89, 68, 88), (69, 11, 70, 10), (70, 34, 71, 33), (52, 28, 53, 27), (3, 28, 4, 29), (75, 27, 76, 26), (56, 24, 57, 23), (96, 19, 97, 20), (79, 19, 80, 18), (24, 78, 25, 77), (22, 97, 23, 0), (25, 55, 26, 54), (14, 82, 15, 81), (17, 94, 18, 95), (21, 61, 22, 60), (90, 84, 91, 83), (55, 78, 56, 79), (87, 47, 88, 46), (93, 16, 94, 17), (68, 45, 69, 46), (13, 63, 14, 62), (91, 65, 92, 64), (40, 49, 41, 50), (41, 72, 42, 73), (39, 7, 40, 6), (42, 30, 43, 29), (82, 63, 83, 64), (85, 38, 86, 39), (37, 67, 38, 66), (34, 11, 35, 12), (65, 84, 66, 85), (61, 21, 62, 20), (59, 1, 60, 0)]"
K8_293,"[(111, 124, 112, 125), (88, 121, 89, 122), (120, 85, 121, 86), (55, 126, 56, 127), (122, 38, 123, 37), (103, 116, 104, 117), (113, 92, 114, 93), (40, 116, 41, 115), (24, 118, 25, 117), (3, 115, 4, 114), (110, 67, 111, 68), (108, 36, 109, 35), (112, 20, 113, 19), (100, 44, 101, 43), (98, 79, 99, 80), (44, 100, 45, 99), (97, 9, 98, 8), (94, 30, 95, 29), (87, 64, 88, 65), (90, 40, 91, 39), (89, 23, 90, 22), (91, 3, 92, 2), (63, 86, 64, 87), (25, 83, 26, 82), (6, 82, 7, 81), (45, 81, 46, 80), (51, 75, 52, 74), (77, 29, 78, 28), (57, 70, 58, 71), (65, 37, 66, 36), (56, 18, 57, 17), (127, 54, 128, 55), (48, 27, 49, 28), (46, 7, 47, 8), (21, 38, 22, 39), (5, 42, 6, 43), (31, 50, 32, 51), (32, 76, 33, 75), (30, 94, 31, 93), (125, 69, 126, 68), (53, 61, 54, 60), (72, 59, 73, 60), (34, 62, 35, 61), (69, 19, 70, 18), (33, 12, 34, 13), (52, 13, 53, 14), (78, 95, 79, 96), (76, 50, 77, 49), (83, 118, 84, 119), (73, 15, 74, 14), (119, 106, 120, 107), (62, 107, 63, 108), (23, 105, 24, 104), (41, 103, 42, 102), (4, 102, 5, 101), (84, 105, 85, 106), (15, 59, 16, 58), (11, 26, 12, 27), (16, 72, 17, 71), (10, 47, 11, 48), (9, 97, 10, 96), (20, 1, 21, 2), (66, 0, 67, 129), (109, 129, 110, 128), (123, 1, 124, 0)]"
K8_294,"[(15, 1, 16, 0), (1, 15, 2, 14), (11, 3, 12, 2), (3, 11, 4, 10), (4, 35, 5, 36), (40, 5, 41, 6), (29, 7, 30, 6), (7, 33, 8, 32), (8, 17, 9, 18), (24, 9, 25, 10), (12, 25, 13, 26), (26, 13, 27, 14), (16, 27, 17, 28), (37, 19, 38, 18), (19, 39, 20, 38), (20, 31, 21, 32), (30, 21, 31, 22), (39, 23, 40, 22), (23, 37, 24, 36), (33, 29, 34, 28), (34, 41, 35, 0)]"
K8_295,"[(130, 219, 131, 220), (137, 323, 138, 322), (128, 366, 129, 365), (126, 57, 127, 58), (133, 98, 134, 99), (222, 135, 223, 136), (132, 288, 133, 287), (292, 132, 293, 131), (321, 139, 322, 138), (359, 141, 360, 140), (99, 134, 100, 135), (182, 141, 183, 142), (240, 140, 241, 139), (278, 144, 279, 143), (67, 144, 68, 145), (151, 226, 152, 227), (142, 318, 143, 317), (146, 356, 147, 355), (145, 68, 146, 69), (148, 105, 149, 106), (162, 213, 163, 214), (169, 331, 170, 330), (165, 371, 166, 370), (163, 54, 164, 55), (164, 91, 165, 92), (187, 228, 188, 229), (242, 182, 243, 181), (178, 282, 179, 281), (183, 319, 184, 318), (184, 358, 185, 357), (179, 64, 180, 65), (185, 104, 186, 105), (273, 189, 274, 188), (34, 193, 35, 194), (43, 204, 44, 205), (208, 376, 209, 375), (205, 46, 206, 47), (207, 86, 208, 87), (236, 228, 237, 227), (261, 215, 262, 214), (274, 230, 275, 229), (221, 287, 222, 286), (293, 221, 294, 220), (225, 325, 226, 324), (335, 213, 336, 212), (217, 367, 218, 366), (230, 30, 231, 29), (215, 58, 216, 59), (87, 210, 88, 211), (223, 100, 224, 101), (271, 234, 272, 235), (244, 283, 245, 284), (239, 320, 240, 321), (241, 360, 242, 361), (245, 63, 246, 62), (238, 104, 239, 103), (254, 331, 255, 332), (259, 368, 260, 369), (260, 56, 261, 55), (258, 94, 259, 93), (272, 13, 273, 14), (280, 315, 281, 316), (277, 356, 278, 357), (279, 67, 280, 66), (275, 107, 276, 106), (63, 283, 64, 282), (326, 289, 327, 290), (362, 285, 363, 286), (97, 289, 98, 288), (290, 327, 291, 328), (294, 363, 295, 364), (295, 61, 296, 60), (291, 97, 292, 96), (65, 317, 66, 316), (358, 319, 359, 320), (102, 324, 103, 323), (332, 371, 333, 372), (334, 54, 335, 53), (333, 91, 334, 90), (353, 28, 354, 29), (75, 349, 76, 348), (92, 370, 93, 369), (354, 108, 355, 107), (48, 378, 49, 377), (44, 380, 45, 379), (69, 27, 70, 26), (49, 84, 50, 85), (88, 51, 89, 52), (70, 109, 71, 110), (202, 382, 203, 381), (201, 42, 202, 43), (380, 204, 381, 203), (378, 46, 379, 45), (180, 244, 181, 243), (61, 247, 62, 246), (361, 248, 362, 249), (224, 252, 225, 251), (101, 251, 102, 250), (325, 252, 326, 253), (136, 250, 137, 249), (284, 247, 285, 248), (167, 257, 168, 256), (376, 86, 377, 85), (373, 51, 374, 50), (255, 169, 256, 168), (329, 171, 330, 170), (129, 174, 130, 175), (95, 172, 96, 173), (296, 178, 297, 177), (218, 173, 219, 174), (364, 176, 365, 175), (59, 176, 60, 177), (235, 14, 236, 15), (4, 297, 5, 298), (350, 301, 351, 302), (74, 300, 75, 299), (192, 304, 193, 303), (33, 303, 34, 302), (25, 111, 26, 110), (253, 121, 254, 120), (328, 122, 329, 121), (171, 122, 172, 123), (94, 123, 95, 124), (216, 127, 217, 128), (367, 125, 368, 124), (56, 125, 57, 126), (190, 12, 191, 11), (9, 353, 10, 352), (20, 349, 21, 350), (269, 304, 270, 305), (336, 162, 337, 161), (89, 158, 90, 159), (372, 158, 373, 157), (211, 160, 212, 161), (52, 159, 53, 160), (257, 167, 258, 166), (152, 16, 153, 15), (149, 186, 150, 187), (147, 277, 148, 276), (154, 306, 155, 305), (23, 73, 24, 72), (8, 71, 9, 72), (306, 154, 307, 153), (307, 270, 308, 271), (308, 192, 309, 191), (314, 5, 315, 6), (344, 263, 345, 264), (79, 263, 80, 262), (196, 266, 197, 265), (36, 268, 37, 267), (108, 28, 109, 27), (10, 31, 11, 32), (309, 33, 310, 32), (311, 22, 312, 23), (312, 74, 313, 73), (310, 351, 311, 352), (313, 113, 314, 112), (12, 233, 13, 234), (30, 232, 31, 231), (189, 233, 190, 232), (150, 238, 151, 237), (113, 299, 114, 298), (111, 7, 112, 6), (114, 348, 115, 347), (115, 76, 116, 77), (116, 195, 117, 196), (117, 267, 118, 266), (118, 37, 119, 38), (119, 156, 120, 157), (199, 339, 200, 338), (40, 340, 41, 339), (384, 337, 385, 338), (382, 42, 383, 41), (383, 201, 384, 200), (2, 78, 3, 77), (3, 346, 4, 347), (1, 264, 2, 265), (16, 156, 17, 155), (21, 300, 22, 301), (17, 268, 18, 269), (19, 195, 20, 194), (18, 36, 19, 35), (24, 7, 25, 8), (374, 210, 375, 209), (47, 206, 48, 207), (80, 0, 81, 385), (81, 198, 82, 199), (82, 39, 83, 40), (83, 341, 84, 340), (345, 79, 346, 78), (341, 39, 342, 38), (342, 198, 343, 197), (343, 0, 344, 1)]"
K8_297,"[(10, 39, 11, 40), (44, 18, 45, 17), (18, 44, 19, 43), (41, 31, 42, 30), (38, 52, 39, 51), (40, 9, 41, 10), (16, 46, 17, 45), (57, 2, 0, 3), (7, 54, 8, 55), (22, 55, 23, 56), (21, 7, 22, 6), (12, 24, 13, 23), (4, 33, 5, 34), (20, 31, 21, 32), (42, 20, 43, 19), (56, 13, 57, 14), (5, 15, 6, 14), (1, 27, 2, 26), (36, 48, 37, 47), (29, 47, 30, 46), (25, 48, 26, 49), (11, 52, 12, 53), (28, 36, 29, 35), (53, 8, 54, 9), (49, 24, 50, 25), (50, 38, 51, 37), (34, 3, 35, 4), (32, 15, 33, 16), (27, 1, 28, 0)]"
K8_301,"[(33, 1, 34, 0), (1, 29, 2, 28), (57, 3, 58, 2), (3, 55, 4, 54), (61, 4, 62, 5), (5, 62, 6, 63), (51, 7, 52, 6), (64, 7, 65, 8), (8, 67, 9, 68), (68, 9, 69, 10), (10, 48, 11, 47), (46, 12, 47, 11), (12, 44, 13, 43), (42, 14, 43, 13), (14, 73, 15, 74), (74, 15, 75, 16), (16, 75, 17, 76), (17, 41, 18, 40), (39, 19, 40, 18), (19, 39, 20, 38), (77, 20, 0, 21), (36, 22, 37, 21), (22, 36, 23, 35), (34, 24, 35, 23), (24, 28, 25, 27), (58, 26, 59, 25), (26, 60, 27, 59), (32, 29, 33, 30), (30, 55, 31, 56), (56, 31, 57, 32), (76, 38, 77, 37), (41, 73, 42, 72), (71, 45, 72, 44), (45, 71, 46, 70), (69, 49, 70, 48), (49, 67, 50, 66), (65, 51, 66, 50), (52, 64, 53, 63), (60, 54, 61, 53)]"
K9_9,"[(402, 324, 403, 323), (401, 82, 402, 83), (400, 284, 401, 283), (399, 243, 400, 242), (396, 206, 397, 205), (392, 163, 393, 164), (397, 122, 398, 123), (361, 321, 362, 320), (2, 363, 3, 364), (217, 345, 218, 344), (182, 351, 183, 352), (446, 343, 447, 344), (42, 325, 43, 326), (4, 321, 5, 322), (317, 277, 318, 276), (322, 240, 323, 239), (319, 168, 320, 169), (316, 89, 317, 90), (227, 311, 228, 310), (178, 311, 179, 312), (434, 309, 435, 310), (140, 305, 141, 306), (97, 308, 98, 309), (286, 79, 287, 80), (5, 280, 6, 281), (408, 291, 409, 292), (281, 241, 282, 240), (278, 167, 279, 168), (83, 282, 84, 283), (43, 284, 44, 285), (207, 247, 208, 246), (3, 238, 4, 239), (413, 248, 414, 249), (236, 169, 237, 170), (121, 244, 122, 245), (84, 241, 85, 242), (44, 243, 45, 244), (177, 228, 178, 229), (435, 226, 436, 227), (216, 189, 217, 190), (99, 224, 100, 225), (215, 112, 216, 113), (9, 204, 10, 205), (412, 209, 413, 210), (201, 164, 202, 165), (406, 192, 407, 191), (192, 406, 193, 405), (181, 439, 182, 438), (127, 167, 128, 166), (88, 166, 89, 165), (51, 161, 52, 160), (12, 162, 13, 161), (414, 158, 415, 157), (8, 124, 9, 123), (409, 117, 410, 116), (41, 81, 42, 80), (6, 86, 7, 85), (407, 75, 408, 74), (7, 47, 8, 46), (47, 125, 48, 124), (318, 129, 319, 130), (87, 127, 88, 126), (277, 128, 278, 129), (235, 130, 236, 131), (171, 133, 172, 132), (377, 180, 378, 181), (375, 353, 376, 352), (376, 437, 377, 438), (378, 226, 379, 225), (380, 308, 381, 307), (381, 138, 382, 139), (131, 196, 132, 197), (170, 195, 171, 196), (234, 198, 235, 197), (275, 199, 276, 198), (90, 199, 91, 200), (315, 201, 316, 200), (48, 203, 49, 204), (427, 194, 428, 195), (432, 138, 433, 137), (436, 180, 437, 179), (158, 416, 159, 415), (208, 417, 209, 418), (247, 416, 248, 417), (119, 421, 120, 420), (288, 423, 289, 424), (77, 423, 78, 422), (328, 419, 329, 420), (403, 424, 404, 425), (38, 422, 39, 421), (364, 425, 365, 426), (1, 427, 2, 426), (23, 135, 24, 134), (22, 430, 23, 429), (25, 175, 26, 174), (26, 231, 27, 232), (24, 271, 25, 272), (28, 94, 29, 93), (29, 312, 30, 313), (30, 353, 31, 354), (136, 383, 137, 384), (431, 382, 432, 383), (175, 386, 176, 387), (230, 388, 231, 387), (270, 386, 271, 385), (92, 389, 93, 390), (313, 391, 314, 390), (27, 388, 28, 389), (49, 394, 50, 395), (10, 395, 11, 396), (254, 111, 255, 112), (257, 186, 258, 187), (260, 348, 261, 347), (261, 442, 262, 443), (264, 224, 265, 223), (265, 307, 266, 306), (266, 139, 267, 140), (31, 53, 32, 52), (374, 53, 375, 54), (183, 55, 184, 54), (350, 55, 351, 56), (262, 59, 263, 60), (439, 57, 440, 56), (101, 59, 102, 58), (220, 61, 221, 62), (297, 184, 298, 185), (298, 350, 299, 349), (302, 264, 303, 263), (299, 440, 300, 441), (301, 100, 302, 101), (303, 223, 304, 222), (300, 57, 301, 58), (304, 141, 305, 142), (50, 12, 51, 11), (391, 14, 392, 15), (314, 15, 315, 16), (91, 17, 92, 16), (274, 17, 275, 18), (233, 18, 234, 19), (172, 20, 173, 19), (428, 22, 429, 21), (133, 21, 134, 20), (418, 329, 419, 330), (81, 324, 82, 325), (285, 327, 286, 326), (120, 327, 121, 328), (245, 331, 246, 330), (206, 332, 207, 331), (159, 332, 160, 333), (143, 63, 144, 62), (144, 219, 145, 220), (148, 108, 149, 107), (142, 446, 143, 445), (145, 346, 146, 347), (147, 189, 148, 188), (151, 111, 152, 110), (150, 255, 151, 256), (135, 268, 136, 269), (430, 267, 431, 268), (173, 272, 174, 273), (232, 274, 233, 273), (384, 270, 385, 269), (102, 442, 103, 441), (103, 348, 104, 349), (106, 188, 107, 187), (108, 150, 109, 149), (109, 256, 110, 257), (156, 34, 157, 33), (210, 35, 211, 36), (249, 34, 250, 35), (118, 38, 119, 37), (287, 40, 288, 41), (78, 40, 79, 39), (411, 37, 412, 36), (398, 45, 399, 46), (63, 218, 64, 219), (60, 444, 61, 443), (64, 345, 65, 346), (68, 186, 69, 185), (66, 106, 67, 105), (65, 147, 66, 146), (67, 258, 68, 259), (404, 366, 405, 365), (410, 369, 411, 370), (290, 368, 291, 367), (75, 366, 76, 367), (212, 372, 213, 371), (117, 368, 118, 369), (251, 373, 252, 372), (154, 373, 155, 374), (333, 32, 334, 33), (337, 371, 338, 370), (334, 155, 335, 156), (335, 251, 336, 250), (340, 113, 341, 114), (336, 212, 337, 211), (341, 190, 342, 191), (152, 70, 153, 69), (253, 70, 254, 71), (114, 74, 115, 73), (214, 71, 215, 72), (339, 72, 340, 73), (356, 394, 357, 393), (354, 13, 355, 14), (357, 203, 358, 202), (358, 125, 359, 126), (360, 280, 361, 279), (355, 162, 356, 163), (362, 238, 363, 237), (359, 86, 360, 87), (76, 289, 77, 290), (338, 294, 339, 293), (213, 295, 214, 294), (115, 292, 116, 293), (252, 296, 253, 295), (153, 296, 154, 297), (176, 96, 177, 95), (229, 94, 230, 95), (433, 97, 434, 96), (379, 98, 380, 99), (259, 104, 260, 105), (221, 444, 222, 445), (342, 447, 343, 0), (193, 0, 194, 1)]"
K9_21,"[(148, 62, 149, 61), (153, 80, 154, 81), (152, 46, 153, 45), (97, 154, 98, 155), (11, 157, 12, 156), (74, 157, 75, 158), (163, 37, 164, 36), (160, 109, 161, 110), (167, 66, 168, 67), (165, 185, 166, 184), (7, 175, 8, 174), (62, 169, 63, 170), (100, 173, 101, 174), (64, 187, 65, 188), (6, 26, 7, 25), (103, 2, 104, 3), (5, 118, 6, 119), (119, 4, 120, 5), (9, 49, 10, 48), (8, 77, 9, 78), (112, 31, 113, 32), (102, 23, 103, 24), (71, 32, 72, 33), (76, 49, 77, 50), (98, 47, 99, 48), (63, 147, 64, 146), (70, 112, 71, 111), (99, 79, 100, 78), (101, 123, 102, 122), (155, 96, 156, 97), (10, 95, 11, 96), (75, 95, 76, 94), (186, 65, 187, 66), (181, 163, 182, 162), (179, 90, 180, 91), (175, 51, 176, 50), (182, 36, 183, 35), (60, 67, 61, 68), (59, 167, 60, 166), (58, 186, 59, 185), (56, 38, 57, 37), (54, 89, 55, 90), (180, 107, 181, 108), (55, 106, 56, 107), (136, 92, 137, 91), (135, 109, 136, 108), (133, 34, 134, 35), (138, 53, 139, 54), (137, 178, 138, 179), (134, 161, 135, 162), (132, 70, 133, 69), (129, 14, 130, 15), (33, 110, 34, 111), (30, 73, 31, 74), (29, 159, 30, 158), (28, 93, 29, 94), (26, 52, 27, 51), (27, 177, 28, 176), (88, 106, 89, 105), (87, 38, 88, 39), (86, 57, 87, 58), (84, 183, 85, 184), (85, 164, 86, 165), (83, 69, 84, 68), (82, 132, 83, 131), (81, 12, 82, 13), (15, 128, 16, 129), (149, 130, 150, 131), (143, 125, 144, 124), (171, 126, 172, 127), (3, 120, 4, 121), (46, 79, 47, 80), (44, 152, 45, 151), (40, 145, 41, 146), (41, 171, 42, 170), (39, 189, 40, 188), (42, 127, 43, 128), (125, 18, 126, 19), (189, 21, 0, 20), (172, 18, 173, 17), (144, 19, 145, 20), (150, 14, 151, 13), (43, 17, 44, 16), (116, 177, 117, 178), (117, 52, 118, 53), (113, 73, 114, 72), (115, 93, 116, 92), (114, 159, 115, 160), (22, 141, 23, 142), (168, 147, 169, 148), (1, 140, 2, 141), (123, 143, 124, 142), (104, 140, 105, 139), (24, 121, 25, 122), (21, 1, 22, 0)]"
K9_59,"[(108, 246, 109, 245), (246, 108, 247, 107), (15, 112, 16, 113), (110, 87, 111, 88), (117, 145, 118, 144), (113, 195, 114, 194), (136, 190, 137, 189), (198, 148, 199, 147), (224, 142, 225, 141), (8, 137, 9, 138), (29, 142, 30, 143), (259, 146, 0, 147), (80, 145, 81, 146), (45, 152, 46, 153), (164, 192, 165, 191), (160, 244, 161, 243), (11, 166, 12, 167), (162, 89, 163, 90), (217, 191, 218, 190), (14, 193, 15, 194), (33, 192, 34, 193), (82, 197, 83, 198), (9, 220, 10, 221), (219, 60, 220, 61), (83, 230, 84, 231), (99, 234, 100, 235), (235, 98, 236, 99), (37, 244, 38, 245), (91, 242, 92, 243), (10, 60, 11, 59), (13, 33, 14, 32), (17, 87, 18, 86), (19, 105, 20, 104), (35, 89, 36, 88), (222, 5, 223, 6), (56, 8, 57, 7), (139, 6, 140, 7), (96, 40, 97, 39), (93, 158, 94, 159), (199, 78, 200, 79), (258, 80, 259, 79), (49, 77, 50, 76), (102, 72, 103, 71), (237, 155, 238, 154), (238, 43, 239, 44), (232, 73, 233, 74), (94, 211, 95, 212), (240, 206, 241, 205), (41, 208, 42, 209), (157, 207, 158, 206), (250, 207, 251, 208), (133, 205, 134, 204), (132, 253, 133, 254), (130, 152, 131, 151), (129, 46, 130, 47), (128, 234, 129, 233), (127, 100, 128, 101), (125, 72, 126, 73), (74, 123, 75, 124), (101, 126, 102, 127), (231, 125, 232, 124), (48, 121, 49, 122), (257, 118, 258, 119), (200, 120, 201, 119), (188, 136, 189, 135), (187, 217, 188, 216), (186, 164, 187, 163), (185, 34, 186, 35), (183, 16, 184, 17), (184, 112, 185, 111), (182, 85, 183, 86), (178, 105, 179, 106), (181, 68, 182, 69), (239, 252, 240, 253), (156, 251, 157, 252), (38, 248, 39, 247), (95, 249, 96, 248), (70, 104, 71, 103), (67, 85, 68, 84), (65, 114, 66, 115), (64, 32, 65, 31), (66, 195, 67, 196), (62, 165, 63, 166), (61, 218, 62, 219), (63, 13, 64, 12), (57, 138, 58, 139), (69, 180, 70, 181), (18, 179, 19, 180), (106, 177, 107, 178), (90, 173, 91, 174), (109, 177, 110, 176), (36, 175, 37, 176), (161, 175, 162, 174), (134, 172, 135, 171), (215, 173, 216, 172), (214, 242, 215, 241), (212, 160, 213, 159), (209, 40, 210, 41), (210, 249, 211, 250), (213, 92, 214, 93), (25, 53, 26, 52), (203, 54, 204, 55), (120, 51, 121, 52), (254, 54, 255, 53), (77, 51, 78, 50), (150, 47, 151, 48), (170, 55, 171, 56), (169, 141, 170, 140), (167, 4, 168, 5), (202, 27, 203, 28), (131, 24, 132, 25), (255, 27, 256, 26), (153, 22, 154, 23), (44, 24, 45, 23), (236, 21, 237, 22), (97, 21, 98, 20), (149, 123, 150, 122), (155, 42, 156, 43), (148, 75, 149, 76), (116, 228, 117, 227), (28, 225, 29, 226), (196, 230, 197, 229), (1, 228, 2, 229), (168, 224, 169, 223), (143, 227, 144, 226), (58, 221, 59, 222), (30, 4, 31, 3), (201, 256, 202, 257), (115, 2, 116, 3), (81, 1, 82, 0)]"
K9_74,"[(145, 1, 146, 0), (42, 2, 43, 1), (321, 2, 322, 3), (366, 3, 367, 4), (4, 283, 5, 284), (5, 79, 6, 78), (6, 388, 7, 387), (7, 115, 8, 114), (8, 175, 9, 176), (9, 350, 10, 351), (10, 245, 11, 246), (242, 11, 243, 12), (391, 13, 392, 12), (278, 13, 279, 14), (83, 15, 84, 14), (15, 196, 16, 197), (343, 16, 344, 17), (124, 18, 125, 17), (18, 168, 19, 167), (19, 61, 20, 60), (20, 301, 21, 302), (21, 129, 22, 128), (373, 23, 374, 22), (23, 97, 24, 96), (24, 265, 25, 266), (25, 334, 26, 335), (26, 229, 27, 230), (27, 403, 28, 402), (183, 28, 184, 29), (70, 30, 71, 29), (291, 30, 292, 31), (256, 31, 257, 32), (105, 33, 106, 32), (140, 34, 141, 33), (219, 34, 220, 35), (412, 36, 413, 35), (323, 36, 324, 37), (37, 322, 38, 323), (38, 217, 39, 218), (39, 143, 40, 142), (215, 40, 216, 41), (144, 42, 145, 41), (320, 43, 321, 44), (365, 44, 366, 45), (45, 284, 46, 285), (46, 78, 47, 77), (47, 113, 48, 112), (48, 386, 49, 385), (49, 176, 50, 177), (50, 351, 51, 352), (51, 246, 52, 247), (52, 160, 53, 159), (53, 202, 54, 203), (89, 55, 90, 54), (238, 55, 239, 56), (273, 56, 274, 57), (396, 58, 397, 57), (341, 58, 342, 59), (126, 60, 127, 59), (370, 62, 371, 61), (62, 329, 63, 330), (190, 63, 191, 64), (64, 138, 65, 137), (65, 224, 66, 225), (66, 295, 67, 296), (67, 103, 68, 102), (68, 259, 69, 260), (69, 405, 70, 404), (310, 71, 311, 72), (207, 72, 208, 73), (358, 73, 359, 74), (155, 75, 156, 74), (250, 75, 251, 76), (111, 77, 112, 76), (79, 172, 80, 173), (281, 80, 282, 81), (81, 123, 82, 122), (82, 345, 83, 346), (84, 197, 85, 198), (85, 165, 86, 164), (86, 396, 87, 395), (87, 274, 88, 275), (88, 239, 89, 240), (399, 91, 400, 90), (234, 91, 235, 92), (92, 305, 93, 306), (376, 94, 377, 93), (337, 94, 338, 95), (266, 95, 267, 96), (130, 98, 131, 97), (98, 331, 99, 332), (99, 135, 100, 134), (187, 100, 188, 101), (101, 226, 102, 227), (103, 407, 104, 406), (293, 104, 294, 105), (149, 107, 150, 106), (212, 107, 213, 108), (363, 108, 364, 109), (316, 109, 317, 110), (110, 285, 111, 286), (113, 387, 114, 386), (115, 174, 116, 175), (116, 349, 117, 350), (117, 244, 118, 245), (243, 118, 244, 119), (348, 119, 349, 120), (389, 121, 390, 120), (280, 121, 281, 122), (123, 194, 124, 195), (125, 167, 126, 166), (127, 302, 128, 303), (372, 130, 373, 129), (131, 332, 132, 333), (132, 263, 133, 264), (262, 133, 263, 134), (298, 135, 299, 136), (189, 136, 190, 137), (138, 223, 139, 224), (139, 409, 140, 408), (414, 142, 415, 141), (216, 143, 217, 144), (319, 146, 320, 147), (147, 318, 148, 319), (148, 213, 149, 214), (313, 150, 314, 151), (210, 151, 211, 152), (361, 152, 362, 153), (153, 252, 154, 253), (154, 287, 155, 288), (156, 384, 157, 383), (157, 178, 158, 179), (158, 353, 159, 354), (160, 201, 161, 202), (240, 161, 241, 162), (275, 162, 276, 163), (394, 164, 395, 163), (342, 165, 343, 166), (193, 168, 194, 169), (368, 170, 369, 169), (170, 368, 171, 367), (282, 172, 283, 171), (388, 173, 389, 174), (248, 178, 249, 177), (354, 180, 355, 179), (203, 181, 204, 180), (181, 380, 182, 381), (309, 183, 310, 182), (184, 403, 185, 404), (185, 261, 186, 260), (186, 228, 187, 227), (188, 298, 189, 297), (191, 329, 192, 328), (369, 192, 370, 193), (344, 196, 345, 195), (393, 198, 394, 199), (276, 200, 277, 199), (241, 201, 242, 200), (204, 381, 205, 382), (205, 357, 206, 356), (357, 207, 358, 206), (208, 290, 209, 289), (209, 255, 210, 254), (314, 212, 315, 211), (214, 415, 215, 0), (413, 218, 414, 219), (220, 411, 221, 412), (221, 325, 222, 324), (327, 223, 328, 222), (296, 226, 297, 225), (261, 229, 262, 228), (230, 336, 231, 335), (336, 232, 337, 231), (377, 232, 378, 233), (233, 307, 234, 306), (235, 271, 236, 270), (271, 237, 272, 236), (398, 237, 399, 238), (247, 353, 248, 352), (249, 384, 250, 385), (251, 287, 252, 286), (360, 254, 361, 253), (312, 256, 313, 255), (292, 258, 293, 257), (258, 405, 259, 406), (264, 334, 265, 333), (374, 267, 375, 268), (339, 269, 340, 268), (269, 305, 270, 304), (397, 272, 398, 273), (277, 392, 278, 393), (279, 347, 280, 346), (359, 289, 360, 288), (311, 291, 312, 290), (294, 407, 295, 408), (299, 331, 300, 330), (371, 300, 372, 301), (340, 304, 341, 303), (400, 307, 401, 308), (308, 379, 309, 380), (315, 363, 316, 362), (364, 318, 365, 317), (410, 325, 411, 326), (326, 409, 327, 410), (375, 338, 376, 339), (390, 347, 391, 348), (355, 382, 356, 383), (378, 402, 379, 401)]"
K9_149,"[(301, 494, 302, 495), (300, 50, 301, 49), (342, 525, 343, 526), (341, 19, 342, 18), (472, 403, 473, 404), (402, 527, 403, 528), (400, 18, 401, 17), (407, 532, 408, 533), (413, 7, 414, 6), (546, 415, 547, 416), (471, 528, 472, 529), (469, 15, 470, 14), (240, 494, 241, 493), (586, 519, 587, 520), (600, 531, 601, 532), (12, 534, 13, 533), (72, 530, 73, 529), (85, 521, 86, 520), (131, 543, 132, 542), (138, 536, 139, 535), (199, 527, 200, 526), (271, 525, 272, 524), (540, 4, 541, 3), (4, 540, 5, 539), (544, 0, 545, 641), (545, 129, 546, 128), (556, 178, 557, 177), (585, 25, 586, 24), (90, 582, 91, 581), (598, 14, 599, 13), (74, 15, 75, 16), (86, 23, 87, 24), (137, 10, 138, 11), (201, 16, 202, 17), (272, 19, 273, 20), (242, 51, 243, 52), (596, 142, 597, 141), (75, 142, 76, 143), (467, 141, 468, 140), (398, 146, 399, 145), (202, 143, 203, 144), (338, 148, 339, 147), (275, 148, 276, 149), (582, 152, 583, 151), (89, 152, 90, 153), (512, 160, 513, 159), (566, 377, 567, 378), (101, 383, 102, 382), (277, 395, 278, 394), (336, 395, 337, 396), (200, 402, 201, 401), (167, 505, 168, 504), (165, 569, 166, 568), (168, 103, 169, 104), (166, 380, 167, 379), (169, 441, 170, 440), (173, 232, 174, 233), (171, 42, 172, 43), (470, 74, 471, 73), (204, 77, 205, 78), (397, 79, 398, 78), (146, 79, 147, 80), (339, 81, 340, 80), (274, 81, 275, 82), (583, 89, 584, 88), (21, 82, 22, 83), (521, 85, 522, 84), (365, 179, 366, 178), (364, 555, 365, 556), (367, 629, 368, 628), (370, 116, 371, 115), (369, 428, 370, 429), (374, 242, 375, 241), (372, 299, 373, 300), (375, 492, 376, 493), (373, 51, 374, 50), (376, 619, 377, 620), (396, 206, 397, 205), (150, 209, 151, 210), (337, 207, 338, 206), (276, 207, 277, 208), (584, 212, 585, 211), (87, 210, 88, 211), (518, 216, 519, 215), (292, 176, 293, 175), (293, 558, 294, 559), (295, 627, 296, 626), (296, 114, 297, 113), (297, 430, 298, 431), (303, 239, 304, 238), (298, 371, 299, 372), (423, 177, 424, 176), (424, 557, 425, 558), (426, 628, 427, 627), (429, 115, 430, 114), (427, 368, 428, 369), (25, 214, 26, 215), (27, 154, 28, 155), (28, 580, 29, 579), (29, 92, 30, 93), (30, 392, 31, 391), (39, 443, 40, 442), (40, 312, 41, 311), (45, 234, 46, 235), (610, 232, 611, 231), (612, 44, 613, 43), (614, 439, 615, 440), (617, 378, 618, 379), (615, 105, 616, 104), (618, 567, 619, 568), (611, 173, 612, 172), (616, 503, 617, 504), (117, 180, 118, 181), (629, 367, 630, 366), (630, 426, 631, 425), (632, 560, 633, 559), (633, 174, 634, 175), (639, 126, 640, 127), (216, 516, 217, 515), (218, 157, 219, 158), (219, 577, 220, 576), (221, 94, 222, 95), (223, 389, 224, 388), (220, 452, 221, 451), (227, 315, 228, 314), (226, 35, 227, 36), (225, 192, 226, 193), (34, 191, 35, 192), (315, 191, 316, 190), (446, 194, 447, 193), (385, 195, 386, 194), (98, 195, 99, 196), (573, 197, 574, 196), (161, 198, 162, 199), (510, 198, 511, 197), (509, 474, 510, 475), (162, 474, 163, 473), (572, 475, 573, 476), (99, 477, 100, 476), (384, 477, 385, 478), (445, 478, 446, 479), (313, 480, 314, 481), (36, 480, 37, 479), (228, 482, 229, 481), (53, 509, 54, 508), (52, 163, 53, 164), (54, 572, 55, 571), (57, 102, 58, 103), (56, 382, 57, 381), (58, 442, 59, 441), (60, 41, 61, 42), (61, 230, 62, 231), (71, 405, 72, 404), (599, 406, 600, 407), (530, 405, 531, 406), (7, 413, 8, 412), (136, 410, 137, 409), (482, 230, 483, 229), (485, 39, 486, 38), (484, 443, 485, 444), (486, 383, 487, 384), (487, 101, 488, 100), (489, 570, 490, 571), (491, 165, 492, 164), (490, 507, 491, 508), (1, 66, 2, 67), (414, 68, 415, 67), (543, 65, 544, 64), (602, 70, 603, 69), (354, 140, 355, 139), (357, 408, 358, 409), (356, 12, 357, 11), (355, 534, 356, 535), (359, 71, 360, 70), (358, 601, 359, 602), (122, 606, 123, 605), (547, 604, 548, 605), (418, 607, 419, 608), (637, 609, 638, 608), (283, 135, 284, 134), (284, 411, 285, 412), (282, 10, 283, 9), (281, 536, 282, 537), (285, 69, 286, 68), (286, 603, 287, 604), (636, 251, 637, 252), (419, 253, 420, 252), (550, 254, 551, 253), (123, 256, 124, 257), (187, 250, 188, 251), (188, 610, 189, 609), (181, 118, 182, 119), (184, 552, 185, 551), (185, 421, 186, 420), (186, 635, 187, 636), (189, 62, 190, 63), (182, 290, 183, 289), (119, 289, 120, 288), (553, 290, 554, 291), (422, 291, 423, 292), (631, 295, 632, 294), (318, 32, 319, 31), (322, 453, 323, 454), (319, 390, 320, 391), (320, 94, 321, 93), (321, 578, 322, 579), (323, 157, 324, 156), (324, 218, 325, 217), (325, 514, 326, 515), (224, 263, 225, 264), (33, 262, 34, 263), (316, 262, 317, 261), (448, 266, 449, 265), (387, 265, 388, 264), (97, 266, 98, 267), (574, 268, 575, 267), (160, 269, 161, 270), (511, 269, 512, 268), (343, 271, 344, 270), (444, 38, 445, 37), (447, 386, 448, 387), (450, 96, 451, 95), (452, 577, 453, 578), (454, 156, 455, 155), (458, 214, 459, 213), (455, 516, 456, 517), (517, 456, 518, 457), (212, 460, 213, 459), (153, 461, 154, 460), (580, 461, 581, 462), (91, 463, 92, 462), (392, 465, 393, 466), (26, 458, 27, 457), (279, 467, 280, 466), (333, 464, 334, 465), (255, 607, 256, 606), (258, 127, 259, 128), (254, 550, 255, 549), (257, 417, 258, 416), (259, 640, 260, 641), (260, 63, 261, 64), (513, 344, 514, 345), (158, 346, 159, 345), (575, 346, 576, 347), (96, 348, 97, 347), (389, 350, 390, 351), (449, 348, 450, 349), (317, 352, 318, 353), (32, 352, 33, 351), (222, 350, 223, 349), (244, 288, 245, 287), (246, 183, 247, 184), (245, 120, 246, 121), (247, 553, 248, 552), (248, 422, 249, 421), (249, 634, 250, 635), (353, 280, 354, 281), (121, 549, 122, 548), (124, 418, 125, 417), (125, 638, 126, 639), (130, 65, 131, 66), (340, 591, 341, 592), (273, 591, 274, 590), (522, 587, 523, 588), (20, 590, 21, 589), (76, 596, 77, 595), (203, 595, 204, 594), (144, 594, 145, 593), (399, 592, 400, 593), (468, 597, 469, 598), (488, 56, 489, 55), (497, 237, 498, 236), (500, 437, 501, 438), (506, 569, 507, 570), (505, 380, 506, 381), (588, 327, 589, 328), (523, 326, 524, 327), (22, 330, 23, 329), (83, 329, 84, 328), (208, 332, 209, 331), (149, 331, 150, 330), (393, 334, 394, 335), (278, 336, 279, 335), (463, 332, 464, 333), (561, 45, 562, 44), (560, 234, 561, 233), (563, 438, 564, 439), (564, 501, 565, 502), (502, 106, 503, 105), (565, 107, 566, 106), (620, 107, 621, 108), (621, 437, 622, 436), (622, 500, 623, 499), (624, 235, 625, 236), (625, 46, 626, 47), (498, 305, 499, 306), (623, 307, 624, 306), (562, 307, 563, 308), (170, 310, 171, 309), (613, 308, 614, 309), (59, 311, 60, 310), (483, 312, 484, 313), (112, 432, 113, 431), (110, 496, 111, 495), (109, 303, 110, 302), (108, 239, 109, 240), (111, 48, 112, 49), (243, 361, 244, 360), (116, 362, 117, 361), (554, 363, 555, 364), (179, 363, 180, 362), (432, 48, 433, 47), (434, 238, 435, 237), (435, 304, 436, 305), (433, 496, 434, 497), (537, 133, 538, 132), (8, 133, 9, 134), (410, 136, 411, 135), (2, 542, 3, 541), (538, 6, 539, 5), (129, 0, 130, 1)]"
K9_256,"[(108, 9, 109, 10), (11, 78, 12, 79), (48, 8, 49, 7), (69, 11, 70, 10), (35, 7, 36, 6), (21, 9, 22, 8), (54, 2, 55, 1), (3, 53, 4, 52), (112, 91, 113, 92), (5, 41, 6, 40), (110, 32, 111, 31), (72, 98, 73, 97), (65, 89, 66, 88), (55, 97, 56, 96), (43, 91, 44, 90), (28, 94, 29, 93), (18, 88, 19, 87), (60, 78, 61, 77), (56, 73, 57, 74), (74, 25, 75, 26), (67, 46, 68, 47), (66, 33, 67, 34), (23, 70, 24, 71), (57, 24, 58, 25), (50, 39, 51, 40), (36, 49, 37, 50), (20, 47, 21, 48), (45, 32, 46, 33), (19, 34, 20, 35), (85, 102, 86, 103), (22, 108, 23, 107), (37, 107, 38, 106), (4, 103, 5, 104), (68, 110, 69, 109), (51, 105, 52, 104), (100, 54, 101, 53), (94, 28, 95, 27), (98, 72, 99, 71), (105, 39, 106, 38), (99, 2, 100, 3), (101, 84, 102, 85), (111, 63, 112, 62), (44, 63, 45, 64), (12, 60, 13, 59), (30, 61, 31, 62), (89, 65, 90, 64), (92, 16, 93, 15), (29, 14, 30, 15), (76, 13, 77, 14), (42, 17, 43, 18), (113, 17, 0, 16), (79, 59, 80, 58), (82, 95, 83, 96), (81, 27, 82, 26), (80, 76, 81, 75), (86, 42, 87, 41), (83, 0, 84, 1)]"
K9_259,"[(164, 10, 165, 9), (8, 164, 9, 163), (106, 11, 107, 12), (1, 98, 2, 99), (91, 10, 92, 11), (14, 69, 15, 70), (26, 57, 27, 58), (4, 113, 5, 114), (2, 142, 3, 141), (168, 71, 169, 72), (72, 167, 73, 168), (103, 166, 104, 167), (82, 143, 83, 144), (79, 111, 80, 110), (105, 91, 106, 90), (109, 79, 110, 78), (73, 89, 74, 88), (87, 71, 88, 70), (123, 16, 124, 17), (125, 85, 126, 84), (126, 68, 127, 67), (124, 48, 125, 47), (41, 136, 42, 137), (116, 139, 117, 140), (51, 129, 52, 128), (76, 128, 77, 127), (12, 129, 13, 130), (89, 131, 90, 130), (165, 132, 166, 133), (104, 132, 105, 131), (152, 133, 153, 134), (150, 24, 151, 23), (111, 30, 112, 31), (159, 25, 160, 24), (94, 29, 95, 30), (5, 29, 6, 28), (80, 31, 81, 32), (56, 27, 57, 28), (36, 55, 37, 56), (32, 77, 33, 78), (35, 7, 36, 6), (34, 93, 35, 94), (37, 163, 38, 162), (33, 108, 34, 109), (38, 152, 39, 151), (39, 134, 40, 135), (157, 139, 158, 138), (156, 117, 157, 118), (75, 51, 76, 50), (7, 54, 8, 55), (92, 54, 93, 53), (161, 58, 162, 59), (107, 53, 108, 52), (147, 62, 148, 63), (44, 19, 45, 20), (49, 69, 50, 68), (118, 155, 119, 156), (42, 153, 43, 154), (95, 113, 96, 112), (97, 142, 98, 143), (144, 81, 145, 82), (146, 4, 147, 3), (148, 115, 149, 116), (145, 96, 146, 97), (149, 159, 150, 158), (43, 103, 44, 102), (119, 101, 120, 100), (135, 40, 136, 41), (61, 115, 62, 114), (63, 140, 64, 141), (59, 160, 60, 161), (64, 100, 65, 99), (20, 101, 21, 102), (21, 155, 22, 154), (22, 138, 23, 137), (66, 84, 67, 83), (15, 86, 16, 87), (48, 86, 49, 85), (74, 13, 75, 14), (17, 122, 18, 123), (45, 121, 46, 120), (60, 25, 61, 26), (46, 171, 47, 0), (121, 170, 122, 171), (18, 170, 19, 169), (65, 0, 66, 1)]"
K9_261,"[(42, 69, 43, 70), (43, 11, 44, 10), (38, 26, 39, 25), (48, 5, 49, 6), (49, 65, 50, 64), (40, 57, 41, 58), (73, 57, 74, 56), (63, 20, 64, 21), (29, 70, 30, 71), (71, 28, 72, 29), (68, 11, 69, 12), (1, 18, 2, 19), (6, 3, 7, 4), (7, 17, 8, 16), (34, 20, 35, 19), (4, 47, 5, 48), (26, 40, 27, 39), (53, 44, 54, 45), (54, 68, 55, 67), (55, 12, 56, 13), (61, 22, 62, 23), (72, 41, 73, 42), (60, 35, 61, 36), (2, 33, 3, 34), (8, 32, 9, 31), (17, 33, 18, 32), (15, 47, 16, 46), (13, 66, 14, 67), (27, 58, 28, 59), (45, 52, 46, 53), (14, 51, 15, 52), (65, 51, 66, 50), (21, 62, 22, 63), (24, 75, 25, 0), (23, 37, 24, 36), (30, 10, 31, 9), (37, 74, 38, 75), (59, 1, 60, 0)]"
K9_274,"[(129, 1, 130, 0), (40, 1, 41, 2), (2, 17, 3, 18), (18, 3, 19, 4), (59, 4, 60, 5), (110, 6, 111, 5), (91, 7, 92, 6), (148, 8, 149, 7), (8, 106, 9, 105), (9, 123, 10, 122), (10, 82, 11, 81), (11, 48, 12, 49), (12, 140, 13, 139), (13, 30, 14, 31), (14, 69, 15, 70), (128, 16, 129, 15), (41, 16, 42, 17), (60, 19, 61, 20), (89, 21, 90, 20), (108, 22, 109, 21), (147, 23, 148, 22), (23, 147, 24, 146), (24, 108, 25, 107), (25, 62, 26, 63), (26, 126, 27, 125), (27, 44, 28, 45), (28, 86, 29, 85), (68, 29, 69, 30), (100, 32, 101, 31), (153, 32, 154, 33), (52, 33, 53, 34), (34, 53, 35, 54), (132, 36, 133, 35), (115, 37, 116, 36), (37, 115, 38, 114), (38, 98, 39, 97), (39, 72, 40, 73), (42, 128, 43, 127), (86, 44, 87, 43), (45, 85, 46, 84), (67, 46, 68, 47), (140, 48, 141, 47), (102, 50, 103, 49), (50, 138, 51, 137), (152, 51, 153, 52), (117, 55, 118, 54), (134, 56, 135, 55), (56, 114, 57, 113), (57, 74, 58, 75), (58, 96, 59, 95), (88, 62, 89, 61), (63, 125, 64, 124), (143, 65, 144, 64), (65, 83, 66, 82), (66, 142, 67, 141), (155, 70, 0, 71), (130, 72, 131, 71), (96, 74, 97, 73), (75, 95, 76, 94), (93, 77, 94, 76), (112, 78, 113, 77), (78, 149, 79, 150), (120, 79, 121, 80), (103, 80, 104, 81), (142, 83, 143, 84), (87, 126, 88, 127), (90, 109, 91, 110), (111, 92, 112, 93), (131, 98, 132, 99), (154, 100, 155, 99), (101, 138, 102, 139), (104, 121, 105, 122), (145, 106, 146, 107), (133, 116, 134, 117), (118, 135, 119, 136), (150, 120, 151, 119), (144, 123, 145, 124), (151, 137, 152, 136)]"
K9_281,"[(197, 71, 198, 70), (152, 192, 153, 191), (242, 213, 243, 214), (259, 196, 260, 197), (286, 209, 287, 210), (296, 203, 297, 204), (18, 207, 19, 208), (71, 199, 72, 198), (89, 217, 90, 216), (128, 212, 129, 211), (166, 206, 167, 205), (219, 236, 220, 237), (220, 53, 221, 54), (218, 94, 219, 93), (231, 49, 232, 48), (238, 91, 239, 92), (178, 233, 179, 234), (155, 262, 156, 263), (258, 69, 259, 70), (195, 260, 196, 261), (189, 266, 190, 267), (156, 303, 157, 304), (194, 301, 195, 302), (16, 169, 17, 170), (184, 33, 185, 34), (98, 45, 99, 46), (179, 50, 180, 51), (186, 62, 187, 61), (157, 69, 158, 68), (185, 103, 186, 102), (132, 174, 133, 173), (188, 152, 189, 151), (164, 289, 165, 290), (24, 294, 25, 293), (130, 283, 131, 284), (52, 280, 53, 279), (94, 277, 95, 278), (235, 279, 236, 278), (63, 113, 64, 112), (58, 37, 59, 38), (55, 280, 56, 281), (54, 221, 55, 222), (72, 257, 73, 258), (299, 255, 300, 254), (199, 256, 200, 257), (30, 254, 31, 253), (288, 248, 289, 247), (165, 250, 166, 251), (19, 249, 20, 248), (127, 244, 128, 245), (90, 239, 91, 240), (275, 233, 276, 232), (276, 95, 277, 96), (274, 50, 275, 49), (270, 59, 271, 60), (271, 37, 272, 36), (264, 109, 265, 110), (267, 150, 268, 151), (261, 303, 262, 302), (245, 86, 246, 87), (126, 88, 127, 87), (210, 86, 211, 85), (284, 83, 285, 84), (17, 80, 18, 81), (167, 79, 168, 78), (294, 75, 295, 76), (4, 242, 5, 241), (11, 84, 12, 85), (6, 215, 7, 216), (5, 225, 6, 224), (3, 283, 4, 282), (309, 39, 0, 38), (305, 108, 306, 109), (306, 149, 307, 150), (171, 14, 172, 15), (82, 13, 83, 14), (285, 13, 286, 12), (212, 9, 213, 10), (129, 10, 130, 11), (243, 9, 244, 8), (147, 308, 148, 309), (146, 269, 147, 270), (145, 61, 146, 60), (143, 183, 144, 182), (144, 35, 145, 36), (141, 230, 142, 231), (139, 97, 140, 96), (140, 47, 141, 48), (223, 241, 224, 240), (226, 8, 227, 7), (227, 88, 228, 89), (225, 214, 226, 215), (237, 136, 238, 137), (2, 131, 3, 132), (92, 138, 93, 137), (222, 135, 223, 136), (217, 139, 218, 138), (281, 134, 282, 135), (174, 134, 175, 133), (246, 125, 247, 126), (15, 120, 16, 121), (208, 124, 209, 123), (81, 123, 82, 122), (287, 124, 288, 125), (170, 122, 171, 121), (64, 194, 65, 193), (66, 263, 67, 264), (67, 304, 68, 305), (65, 155, 66, 154), (51, 176, 52, 177), (100, 184, 101, 183), (234, 177, 235, 178), (56, 176, 57, 175), (273, 180, 274, 181), (1, 172, 2, 173), (119, 75, 120, 74), (115, 300, 116, 301), (117, 201, 118, 200), (114, 31, 115, 32), (116, 255, 117, 256), (27, 202, 28, 203), (29, 299, 30, 298), (25, 76, 26, 77), (77, 292, 78, 293), (204, 291, 205, 292), (251, 291, 252, 290), (252, 163, 253, 164), (297, 162, 298, 163), (201, 161, 202, 160), (73, 159, 74, 158), (28, 161, 29, 162), (118, 160, 119, 159), (265, 190, 266, 191), (153, 111, 154, 110), (192, 112, 193, 111), (32, 113, 33, 114), (168, 23, 169, 24), (79, 22, 80, 23), (206, 21, 207, 22), (295, 27, 296, 26), (249, 21, 250, 20), (106, 307, 107, 308), (104, 188, 105, 187), (107, 149, 108, 148), (105, 268, 106, 269), (103, 63, 104, 62), (101, 34, 102, 35), (97, 228, 98, 229), (46, 230, 47, 229), (44, 99, 45, 100), (43, 142, 44, 143), (41, 273, 42, 272), (42, 181, 43, 182), (40, 57, 41, 58), (39, 1, 40, 0)]"
K9_314,"[(120, 86, 121, 85), (6, 80, 7, 79), (35, 87, 36, 86), (43, 83, 44, 82), (113, 95, 114, 94), (116, 92, 117, 91), (25, 99, 26, 98), (27, 97, 28, 96), (61, 90, 62, 91), (99, 64, 100, 65), (14, 102, 15, 101), (100, 24, 101, 23), (73, 102, 74, 103), (110, 60, 111, 59), (78, 10, 79, 9), (76, 14, 77, 13), (70, 18, 71, 17), (68, 20, 69, 19), (62, 32, 63, 31), (81, 45, 82, 44), (75, 51, 76, 50), (71, 55, 72, 54), (89, 119, 90, 118), (105, 57, 106, 56), (104, 67, 105, 68), (106, 22, 107, 21), (32, 119, 33, 120), (93, 115, 94, 114), (15, 73, 16, 72), (7, 46, 8, 47), (60, 118, 61, 117), (28, 111, 29, 112), (95, 113, 96, 112), (57, 67, 58, 66), (55, 20, 56, 21), (52, 104, 53, 103), (121, 36, 0, 37), (92, 30, 93, 29), (10, 78, 11, 77), (1, 38, 2, 39), (87, 35, 88, 34), (18, 70, 19, 69), (11, 48, 12, 49), (97, 27, 98, 26), (115, 30, 116, 31), (84, 6, 85, 5), (39, 2, 40, 3), (41, 4, 42, 5), (24, 64, 25, 63), (16, 53, 17, 54), (83, 43, 84, 42), (3, 40, 4, 41), (49, 12, 50, 13), (51, 75, 52, 74), (22, 108, 23, 107), (65, 108, 66, 109), (58, 110, 59, 109), (45, 81, 46, 80), (47, 8, 48, 9), (33, 89, 34, 88), (37, 0, 38, 1)]"
K9_326,"[(78, 65, 79, 66), (51, 17, 52, 16), (105, 35, 106, 34), (85, 13, 86, 12), (80, 24, 81, 23), (2, 15, 3, 16), (110, 13, 111, 14), (104, 12, 105, 11), (125, 106, 126, 107), (86, 110, 87, 109), (32, 56, 33, 55), (123, 57, 124, 56), (48, 83, 49, 84), (43, 66, 44, 67), (59, 92, 60, 93), (31, 91, 32, 90), (120, 94, 121, 93), (117, 63, 118, 62), (114, 76, 115, 75), (33, 124, 34, 125), (58, 122, 59, 121), (70, 112, 71, 111), (64, 77, 65, 78), (115, 99, 116, 98), (19, 101, 20, 100), (47, 102, 48, 103), (82, 101, 83, 102), (6, 98, 7, 97), (18, 113, 19, 114), (26, 68, 27, 67), (24, 80, 25, 79), (122, 29, 123, 30), (57, 29, 58, 28), (45, 23, 46, 22), (99, 76, 100, 77), (94, 120, 95, 119), (96, 61, 97, 62), (91, 31, 92, 30), (95, 40, 96, 41), (25, 45, 26, 44), (60, 39, 61, 40), (118, 42, 119, 41), (72, 2, 73, 1), (69, 84, 70, 85), (73, 52, 74, 53), (68, 103, 69, 104), (71, 15, 72, 14), (21, 47, 22, 46), (89, 54, 90, 55), (112, 49, 113, 50), (9, 43, 10, 42), (10, 27, 11, 28), (8, 64, 9, 63), (7, 116, 8, 117), (5, 75, 6, 74), (50, 4, 51, 3), (108, 127, 109, 0), (35, 127, 36, 126), (37, 88, 38, 89), (38, 53, 39, 54), (36, 108, 37, 107), (20, 82, 21, 81), (17, 4, 18, 5), (87, 1, 88, 0)]"
K9_361,"[(5, 115, 6, 114), (9, 111, 10, 110), (16, 100, 17, 99), (41, 106, 42, 107), (43, 104, 44, 105), (30, 117, 31, 118), (56, 127, 57, 0), (58, 125, 59, 126), (67, 118, 68, 119), (75, 108, 76, 109), (122, 23, 123, 24), (19, 124, 20, 125), (121, 90, 122, 91), (4, 69, 5, 70), (10, 73, 11, 74), (15, 82, 16, 83), (24, 92, 25, 91), (66, 30, 67, 29), (116, 31, 117, 32), (70, 36, 71, 35), (95, 86, 96, 87), (93, 19, 94, 18), (98, 83, 99, 84), (100, 49, 101, 50), (107, 76, 108, 77), (103, 44, 104, 45), (60, 22, 61, 21), (64, 28, 65, 27), (119, 26, 120, 27), (51, 96, 52, 97), (47, 81, 48, 80), (52, 86, 53, 85), (53, 2, 54, 3), (63, 93, 64, 92), (22, 62, 23, 61), (126, 57, 127, 58), (111, 72, 112, 73), (33, 69, 34, 68), (40, 78, 41, 77), (45, 102, 46, 103), (28, 66, 29, 65), (123, 62, 124, 63), (84, 97, 85, 98), (81, 49, 82, 48), (112, 37, 113, 38), (25, 120, 26, 121), (105, 42, 106, 43), (3, 34, 4, 35), (11, 38, 12, 39), (17, 50, 18, 51), (79, 47, 80, 46), (78, 101, 79, 102), (39, 12, 40, 13), (109, 15, 110, 14), (74, 13, 75, 14), (32, 115, 33, 116), (1, 54, 2, 55), (20, 60, 21, 59), (36, 7, 37, 8), (113, 7, 114, 6), (71, 8, 72, 9), (87, 94, 88, 95), (88, 56, 89, 55), (89, 0, 90, 1)]"
K9_383,"[(19, 1, 20, 0), (32, 2, 33, 1), (79, 2, 80, 3), (3, 35, 4, 34), (35, 5, 36, 4), (5, 37, 6, 36), (6, 77, 7, 78), (7, 21, 8, 20), (45, 8, 46, 9), (42, 10, 43, 9), (57, 10, 58, 11), (11, 84, 12, 85), (69, 12, 70, 13), (13, 95, 14, 94), (14, 67, 15, 68), (96, 16, 97, 15), (29, 17, 30, 16), (17, 52, 18, 53), (18, 32, 19, 31), (76, 21, 77, 22), (22, 75, 23, 76), (40, 24, 41, 23), (47, 24, 48, 25), (58, 25, 59, 26), (26, 83, 27, 84), (70, 27, 71, 28), (28, 65, 29, 66), (30, 53, 31, 54), (78, 33, 79, 34), (62, 37, 63, 38), (38, 73, 39, 74), (39, 60, 40, 61), (46, 41, 47, 42), (43, 88, 44, 89), (89, 44, 90, 45), (48, 60, 49, 59), (49, 73, 50, 72), (63, 51, 64, 50), (80, 52, 81, 51), (97, 54, 0, 55), (55, 90, 56, 91), (56, 88, 57, 87), (61, 75, 62, 74), (81, 65, 82, 64), (95, 66, 96, 67), (68, 93, 69, 94), (71, 83, 72, 82), (92, 85, 93, 86), (86, 91, 87, 92)]"
K9_386,"[(37, 1, 38, 0), (52, 1, 53, 2), (25, 3, 26, 2), (3, 27, 4, 26), (4, 51, 5, 52), (14, 6, 15, 5), (6, 63, 7, 64), (7, 17, 8, 16), (45, 8, 46, 9), (20, 10, 21, 9), (57, 10, 58, 11), (32, 12, 33, 11), (12, 30, 13, 29), (13, 48, 14, 49), (15, 64, 16, 65), (62, 17, 63, 18), (18, 61, 19, 62), (46, 19, 47, 20), (21, 44, 22, 45), (35, 23, 36, 22), (40, 23, 41, 24), (53, 24, 54, 25), (27, 50, 28, 51), (49, 28, 50, 29), (30, 59, 31, 60), (58, 31, 59, 32), (33, 56, 34, 57), (34, 43, 35, 44), (39, 36, 40, 37), (65, 39, 0, 38), (41, 55, 42, 54), (55, 43, 56, 42), (47, 61, 48, 60)]"
K9_387,"[(124, 41, 125, 42), (86, 40, 87, 39), (143, 24, 144, 25), (92, 23, 93, 24), (63, 21, 64, 20), (21, 144, 22, 145), (18, 101, 19, 102), (22, 93, 23, 94), (16, 62, 17, 61), (9, 172, 10, 173), (165, 14, 166, 15), (153, 12, 154, 13), (13, 122, 14, 123), (60, 16, 61, 15), (11, 43, 12, 42), (125, 10, 126, 11), (87, 7, 88, 6), (160, 4, 161, 3), (126, 172, 127, 171), (85, 174, 86, 175), (154, 170, 155, 169), (104, 164, 105, 163), (57, 168, 58, 169), (170, 43, 171, 44), (164, 152, 165, 151), (166, 122, 167, 121), (162, 104, 163, 103), (167, 58, 168, 59), (129, 159, 130, 158), (82, 157, 83, 158), (155, 44, 156, 45), (152, 124, 153, 123), (149, 103, 150, 102), (146, 96, 147, 95), (94, 146, 95, 145), (67, 148, 68, 149), (138, 73, 139, 74), (74, 137, 75, 138), (130, 81, 131, 82), (84, 127, 85, 128), (108, 120, 109, 119), (59, 120, 60, 121), (51, 114, 52, 115), (109, 46, 110, 47), (64, 99, 65, 100), (66, 97, 67, 98), (91, 68, 92, 69), (56, 46, 57, 45), (176, 83, 177, 84), (175, 129, 176, 128), (173, 8, 174, 9), (177, 157, 178, 156), (89, 5, 90, 4), (32, 181, 33, 182), (36, 133, 37, 134), (34, 78, 35, 77), (40, 8, 41, 7), (179, 111, 180, 110), (134, 114, 135, 113), (78, 111, 79, 112), (35, 112, 36, 113), (47, 180, 48, 181), (50, 135, 51, 136), (49, 77, 50, 76), (48, 34, 49, 33), (115, 72, 116, 73), (116, 140, 117, 139), (117, 183, 118, 182), (118, 31, 119, 32), (37, 53, 38, 52), (79, 55, 80, 54), (132, 53, 133, 54), (178, 55, 179, 56), (105, 151, 106, 150), (107, 62, 108, 63), (106, 17, 107, 18), (96, 148, 97, 147), (100, 19, 101, 20), (98, 65, 99, 66), (183, 30, 0, 31), (161, 90, 162, 91), (5, 89, 6, 88), (71, 2, 72, 3), (70, 28, 71, 27), (80, 131, 81, 132), (38, 159, 39, 160), (141, 28, 142, 29), (140, 2, 141, 1), (136, 75, 137, 76), (26, 70, 27, 69), (25, 142, 26, 143), (29, 0, 30, 1)]"
K9_395,"[(17, 3, 18, 2), (14, 7, 15, 8), (13, 25, 14, 24), (4, 9, 5, 10), (27, 13, 0, 12), (6, 26, 7, 25), (21, 11, 22, 10), (11, 21, 12, 20), (1, 19, 2, 18), (26, 6, 27, 5), (23, 17, 24, 16), (8, 15, 9, 16), (3, 23, 4, 22), (19, 1, 20, 0)]"
K9_404,"[(21, 1, 22, 0), (62, 1, 63, 2), (27, 2, 28, 3), (3, 58, 4, 59), (4, 75, 5, 76), (5, 40, 6, 41), (6, 86, 7, 85), (88, 8, 89, 7), (73, 8, 74, 9), (36, 9, 37, 10), (57, 10, 58, 11), (11, 56, 12, 57), (55, 12, 56, 13), (13, 34, 14, 35), (14, 71, 15, 72), (70, 15, 71, 16), (16, 92, 17, 91), (92, 18, 93, 17), (33, 18, 34, 19), (19, 64, 20, 65), (20, 29, 21, 30), (22, 45, 23, 46), (78, 23, 79, 24), (43, 24, 44, 25), (25, 80, 26, 81), (26, 62, 27, 61), (63, 29, 64, 28), (30, 66, 31, 65), (48, 32, 49, 31), (32, 50, 33, 49), (54, 36, 55, 35), (74, 38, 75, 37), (87, 38, 88, 39), (39, 86, 40, 87), (84, 41, 85, 42), (42, 78, 43, 77), (79, 45, 80, 44), (46, 68, 47, 67), (47, 94, 48, 95), (93, 50, 94, 51), (68, 52, 69, 51), (52, 89, 53, 90), (53, 73, 54, 72), (82, 59, 83, 60), (60, 81, 61, 82), (95, 66, 0, 67), (69, 90, 70, 91), (83, 76, 84, 77)]"
K9_415,"[(22, 164, 23, 163), (17, 159, 18, 158), (75, 14, 76, 15), (156, 14, 157, 13), (3, 124, 4, 125), (177, 92, 0, 93), (1, 90, 2, 91), (94, 175, 95, 176), (57, 176, 58, 177), (138, 161, 139, 162), (98, 171, 99, 172), (74, 157, 75, 158), (66, 167, 67, 168), (50, 145, 51, 146), (54, 124, 55, 123), (56, 94, 57, 93), (164, 101, 165, 102), (137, 109, 138, 108), (24, 105, 25, 106), (69, 103, 70, 102), (18, 109, 19, 110), (73, 111, 74, 110), (82, 151, 83, 152), (86, 52, 87, 51), (84, 39, 85, 40), (83, 117, 84, 116), (85, 6, 86, 7), (89, 123, 90, 122), (160, 139, 161, 140), (23, 134, 24, 135), (68, 132, 69, 131), (16, 141, 17, 142), (76, 144, 77, 143), (117, 4, 118, 5), (119, 89, 120, 88), (106, 19, 107, 20), (135, 20, 136, 21), (64, 27, 65, 28), (162, 22, 163, 21), (36, 87, 37, 88), (34, 121, 35, 122), (38, 6, 39, 5), (11, 80, 12, 81), (155, 78, 156, 79), (166, 67, 167, 68), (25, 72, 26, 73), (133, 71, 134, 70), (104, 72, 105, 71), (147, 171, 148, 170), (146, 99, 147, 100), (148, 127, 149, 128), (65, 46, 66, 47), (26, 46, 27, 45), (100, 49, 101, 50), (168, 48, 169, 47), (149, 29, 150, 28), (126, 29, 127, 30), (59, 32, 60, 33), (96, 33, 97, 34), (173, 31, 174, 30), (174, 61, 175, 62), (95, 59, 96, 58), (31, 60, 32, 61), (125, 63, 126, 62), (150, 63, 151, 64), (10, 113, 11, 114), (7, 41, 8, 40), (2, 55, 3, 56), (9, 155, 10, 154), (172, 97, 173, 98), (144, 78, 145, 77), (140, 159, 141, 160), (142, 15, 143, 16), (112, 80, 113, 79), (114, 153, 115, 154), (111, 12, 112, 13), (118, 54, 119, 53), (120, 35, 121, 36), (42, 115, 43, 116), (41, 9, 42, 8), (37, 52, 38, 53), (44, 81, 45, 82), (43, 153, 44, 152), (132, 104, 133, 103), (129, 48, 130, 49), (128, 169, 129, 170), (165, 130, 166, 131), (107, 137, 108, 136), (91, 0, 92, 1)]"
K9_426,"[(39, 1, 40, 0), (22, 2, 23, 1), (57, 3, 58, 2), (70, 3, 71, 4), (85, 4, 86, 5), (5, 84, 6, 85), (6, 65, 7, 66), (62, 7, 63, 8), (81, 8, 82, 9), (9, 47, 10, 46), (10, 79, 11, 80), (11, 27, 12, 26), (51, 13, 52, 12), (13, 100, 14, 101), (95, 14, 96, 15), (15, 94, 16, 95), (91, 16, 92, 17), (36, 18, 37, 17), (73, 18, 74, 19), (19, 86, 20, 87), (20, 71, 21, 72), (21, 57, 22, 56), (23, 41, 24, 40), (107, 25, 0, 24), (102, 25, 103, 26), (78, 27, 79, 28), (47, 29, 48, 28), (29, 49, 30, 48), (49, 31, 50, 30), (31, 98, 32, 99), (32, 75, 33, 76), (96, 33, 97, 34), (34, 93, 35, 94), (92, 35, 93, 36), (37, 55, 38, 54), (38, 89, 39, 90), (68, 41, 69, 42), (42, 67, 43, 68), (106, 44, 107, 43), (103, 44, 104, 45), (80, 45, 81, 46), (50, 77, 51, 78), (52, 101, 53, 102), (90, 53, 91, 54), (55, 88, 56, 89), (69, 58, 70, 59), (59, 66, 60, 67), (105, 61, 106, 60), (61, 105, 62, 104), (63, 83, 64, 82), (83, 65, 84, 64), (72, 88, 73, 87), (97, 75, 98, 74), (76, 100, 77, 99)]"
K9_433,"[(67, 1, 68, 0), (42, 1, 43, 2), (2, 45, 3, 46), (3, 65, 4, 64), (4, 16, 5, 15), (48, 5, 49, 6), (6, 49, 7, 50), (7, 99, 8, 98), (99, 9, 100, 8), (16, 10, 17, 9), (10, 28, 11, 27), (11, 111, 12, 110), (12, 85, 13, 86), (62, 13, 63, 14), (47, 15, 48, 14), (100, 17, 101, 18), (18, 54, 19, 53), (94, 20, 95, 19), (20, 94, 21, 93), (21, 102, 22, 103), (103, 22, 104, 23), (92, 24, 93, 23), (24, 90, 25, 89), (25, 106, 26, 107), (55, 27, 56, 26), (83, 29, 84, 28), (112, 29, 113, 30), (30, 82, 31, 81), (31, 114, 32, 115), (115, 32, 116, 33), (80, 34, 81, 33), (34, 117, 35, 118), (35, 79, 36, 78), (121, 36, 122, 37), (74, 38, 75, 37), (38, 125, 39, 126), (126, 39, 127, 40), (40, 70, 41, 69), (68, 42, 69, 41), (43, 67, 44, 66), (65, 45, 66, 44), (46, 64, 47, 63), (61, 51, 62, 50), (51, 59, 52, 58), (52, 96, 53, 95), (101, 55, 102, 54), (56, 87, 57, 88), (57, 109, 58, 108), (96, 59, 97, 60), (60, 97, 61, 98), (127, 71, 0, 70), (71, 125, 72, 124), (123, 73, 124, 72), (73, 123, 74, 122), (120, 76, 121, 75), (76, 120, 77, 119), (118, 78, 119, 77), (79, 117, 80, 116), (113, 83, 114, 82), (84, 112, 85, 111), (109, 87, 110, 86), (88, 108, 89, 107), (105, 91, 106, 90), (91, 105, 92, 104)]"
K9_434,"[(12, 101, 13, 102), (14, 82, 15, 81), (11, 63, 12, 62), (10, 46, 11, 45), (73, 5, 74, 4), (38, 10, 39, 9), (106, 3, 107, 4), (54, 8, 55, 7), (113, 51, 114, 50), (52, 110, 53, 109), (114, 97, 115, 98), (112, 66, 113, 65), (103, 61, 104, 60), (100, 48, 101, 47), (61, 103, 62, 102), (48, 100, 49, 99), (71, 89, 72, 88), (18, 88, 19, 87), (67, 36, 68, 37), (74, 25, 75, 26), (42, 57, 43, 58), (55, 40, 56, 41), (19, 72, 20, 73), (20, 6, 21, 5), (22, 43, 23, 44), (105, 77, 106, 76), (53, 70, 54, 71), (2, 78, 3, 77), (37, 68, 38, 69), (85, 79, 86, 78), (26, 75, 27, 76), (92, 40, 93, 39), (93, 8, 94, 9), (94, 70, 95, 69), (95, 110, 96, 111), (17, 109, 18, 108), (80, 29, 81, 30), (104, 28, 105, 27), (59, 24, 60, 25), (1, 29, 2, 28), (44, 23, 45, 24), (82, 32, 83, 31), (35, 64, 36, 65), (33, 99, 34, 98), (32, 0, 33, 115), (30, 15, 31, 16), (41, 91, 42, 90), (6, 89, 7, 90), (56, 92, 57, 91), (107, 86, 108, 87), (79, 85, 80, 84), (66, 112, 67, 111), (21, 58, 22, 59), (34, 49, 35, 50), (96, 52, 97, 51), (63, 46, 64, 47), (83, 17, 84, 16), (13, 0, 14, 1)]"
K9_437,"[(87, 1, 88, 0), (18, 1, 19, 2), (43, 2, 44, 3), (64, 3, 65, 4), (4, 63, 5, 64), (5, 111, 6, 110), (6, 39, 7, 40), (112, 8, 113, 7), (37, 8, 38, 9), (9, 83, 10, 82), (95, 10, 96, 11), (32, 12, 33, 11), (77, 13, 78, 12), (13, 90, 14, 91), (115, 14, 116, 15), (15, 41, 16, 40), (41, 17, 42, 16), (17, 108, 18, 109), (19, 45, 20, 44), (85, 20, 86, 21), (21, 67, 22, 66), (73, 23, 74, 22), (54, 24, 55, 23), (101, 24, 102, 25), (124, 25, 125, 26), (26, 123, 27, 124), (122, 27, 123, 28), (28, 119, 29, 120), (29, 57, 30, 56), (59, 31, 60, 30), (31, 77, 32, 76), (33, 94, 34, 95), (93, 34, 94, 35), (35, 92, 36, 93), (81, 37, 82, 36), (111, 38, 112, 39), (42, 109, 43, 110), (86, 45, 87, 46), (46, 68, 47, 67), (68, 48, 69, 47), (127, 48, 0, 49), (49, 126, 50, 127), (105, 50, 106, 51), (51, 71, 52, 70), (71, 53, 72, 52), (53, 102, 54, 103), (98, 55, 99, 56), (118, 57, 119, 58), (58, 117, 59, 118), (60, 76, 61, 75), (61, 96, 62, 97), (62, 83, 63, 84), (84, 65, 85, 66), (104, 69, 105, 70), (72, 103, 73, 104), (97, 74, 98, 75), (78, 91, 79, 92), (114, 79, 115, 80), (80, 113, 81, 114), (88, 108, 89, 107), (116, 90, 117, 89), (99, 121, 100, 120), (121, 101, 122, 100), (106, 126, 107, 125)]"
K9_439,"[(76, 42, 77, 41), (40, 16, 41, 15), (53, 10, 54, 11), (8, 34, 9, 33), (9, 56, 10, 57), (84, 75, 85, 76), (82, 47, 83, 48), (87, 72, 88, 73), (5, 60, 6, 61), (18, 86, 19, 85), (30, 59, 31, 60), (34, 55, 35, 56), (89, 23, 90, 22), (36, 51, 37, 52), (11, 52, 12, 53), (78, 14, 79, 13), (46, 72, 47, 71), (48, 81, 49, 82), (42, 21, 43, 22), (25, 91, 26, 90), (32, 8, 33, 7), (3, 62, 4, 63), (28, 65, 29, 66), (91, 27, 0, 26), (83, 17, 84, 16), (44, 19, 45, 20), (50, 37, 51, 38), (45, 88, 46, 89), (12, 78, 13, 77), (39, 81, 40, 80), (63, 2, 64, 3), (68, 27, 69, 28), (54, 35, 55, 36), (73, 86, 74, 87), (38, 49, 39, 50), (20, 43, 21, 44), (64, 29, 65, 30), (61, 4, 62, 5), (24, 69, 25, 70), (1, 66, 2, 67), (58, 31, 59, 32), (57, 6, 58, 7), (14, 80, 15, 79), (17, 74, 18, 75), (70, 23, 71, 24), (67, 0, 68, 1)]"
K9_444,"[(134, 100, 135, 99), (138, 80, 139, 79), (133, 18, 134, 19), (137, 4, 138, 5), (114, 98, 115, 97), (117, 83, 118, 82), (115, 20, 116, 21), (118, 1, 119, 2), (86, 104, 87, 103), (15, 104, 16, 105), (10, 91, 11, 92), (102, 86, 103, 85), (98, 19, 99, 20), (76, 25, 77, 26), (3, 80, 4, 81), (89, 170, 90, 171), (5, 23, 6, 22), (155, 120, 156, 121), (157, 84, 158, 85), (156, 0, 157, 173), (160, 18, 161, 17), (158, 101, 159, 102), (75, 97, 76, 96), (26, 95, 27, 96), (42, 81, 43, 82), (44, 22, 45, 21), (47, 94, 48, 95), (41, 3, 42, 2), (78, 7, 79, 8), (73, 113, 74, 112), (48, 111, 49, 112), (135, 117, 136, 116), (132, 161, 133, 162), (49, 165, 50, 164), (72, 163, 73, 164), (151, 39, 152, 38), (9, 41, 10, 40), (106, 35, 107, 36), (168, 38, 169, 37), (92, 39, 93, 40), (125, 36, 126, 37), (136, 43, 137, 44), (68, 33, 69, 34), (51, 147, 52, 146), (149, 142, 150, 143), (127, 145, 128, 144), (166, 141, 167, 142), (23, 7, 24, 6), (28, 113, 29, 114), (29, 163, 30, 162), (27, 74, 28, 75), (30, 131, 31, 132), (71, 131, 72, 130), (50, 129, 51, 130), (88, 124, 89, 123), (93, 141, 94, 140), (90, 153, 91, 154), (87, 65, 88, 64), (154, 61, 155, 62), (121, 63, 122, 62), (172, 63, 173, 64), (11, 153, 12, 152), (13, 124, 14, 125), (12, 170, 13, 169), (14, 65, 15, 66), (8, 139, 9, 140), (108, 144, 109, 143), (105, 67, 106, 66), (110, 165, 111, 166), (107, 127, 108, 126), (109, 148, 110, 149), (67, 55, 68, 54), (145, 53, 146, 52), (167, 151, 168, 150), (171, 122, 172, 123), (77, 46, 78, 47), (24, 46, 25, 45), (128, 147, 129, 148), (70, 31, 71, 32), (32, 69, 33, 70), (34, 53, 35, 54), (56, 159, 57, 160), (55, 16, 56, 17), (60, 120, 61, 119), (57, 101, 58, 100), (58, 84, 59, 83), (59, 0, 60, 1)]"
K9_447,"[(23, 1, 24, 0), (1, 23, 2, 22), (37, 2, 38, 3), (20, 4, 21, 3), (4, 35, 5, 36), (34, 5, 35, 6), (41, 7, 42, 6), (18, 7, 19, 8), (8, 40, 9, 39), (38, 10, 39, 9), (10, 48, 11, 47), (11, 28, 12, 29), (29, 12, 30, 13), (46, 14, 47, 13), (14, 46, 15, 45), (15, 30, 16, 31), (43, 17, 44, 16), (32, 17, 33, 18), (19, 41, 20, 40), (36, 22, 37, 21), (51, 25, 0, 24), (25, 51, 26, 50), (49, 27, 50, 26), (27, 49, 28, 48), (44, 32, 45, 31), (33, 43, 34, 42)]"
K9_456,"[(133, 1, 134, 0), (1, 133, 2, 132), (131, 3, 132, 2), (3, 87, 4, 86), (43, 4, 44, 5), (5, 46, 6, 47), (47, 6, 48, 7), (7, 127, 8, 126), (125, 9, 126, 8), (9, 125, 10, 124), (10, 49, 11, 50), (88, 12, 89, 11), (119, 13, 120, 12), (54, 13, 55, 14), (14, 55, 15, 56), (15, 119, 16, 118), (117, 17, 118, 16), (56, 17, 57, 18), (18, 116, 19, 115), (114, 20, 115, 19), (20, 59, 21, 60), (60, 21, 61, 22), (22, 112, 23, 111), (110, 24, 111, 23), (24, 63, 25, 64), (25, 139, 26, 138), (65, 26, 66, 27), (27, 66, 28, 67), (67, 28, 68, 29), (29, 107, 30, 106), (30, 69, 31, 70), (104, 32, 105, 31), (32, 104, 33, 103), (100, 34, 101, 33), (73, 34, 74, 35), (35, 99, 36, 98), (36, 75, 37, 76), (96, 38, 97, 37), (77, 38, 78, 39), (39, 93, 40, 92), (83, 41, 84, 40), (134, 42, 135, 41), (42, 86, 43, 85), (44, 130, 45, 129), (128, 46, 129, 45), (48, 128, 49, 127), (123, 51, 124, 50), (51, 123, 52, 122), (89, 53, 90, 52), (120, 54, 121, 53), (57, 117, 58, 116), (113, 59, 114, 58), (61, 113, 62, 112), (109, 63, 110, 62), (64, 138, 65, 137), (68, 108, 69, 107), (105, 71, 106, 70), (71, 103, 72, 102), (101, 73, 102, 72), (74, 100, 75, 99), (97, 77, 98, 76), (78, 96, 79, 95), (94, 80, 95, 79), (80, 94, 81, 93), (140, 82, 141, 81), (82, 0, 83, 141), (84, 135, 85, 136), (130, 87, 131, 88), (90, 121, 91, 122), (136, 91, 137, 92), (108, 139, 109, 140)]"
K9_465,"[(28, 53, 29, 54), (24, 55, 25, 56), (21, 60, 22, 61), (27, 86, 28, 87), (23, 88, 24, 89), (39, 72, 40, 73), (103, 42, 104, 43), (37, 11, 38, 10), (1, 46, 2, 47), (48, 80, 49, 79), (47, 2, 48, 3), (61, 20, 62, 21), (64, 17, 65, 18), (68, 13, 69, 14), (99, 71, 100, 70), (76, 5, 77, 6), (96, 15, 97, 16), (102, 9, 103, 10), (52, 29, 53, 30), (12, 71, 13, 72), (97, 67, 98, 66), (81, 32, 82, 33), (80, 50, 81, 49), (14, 67, 15, 68), (50, 84, 51, 83), (31, 82, 32, 83), (87, 26, 88, 27), (90, 58, 91, 57), (74, 0, 75, 105), (7, 104, 8, 105), (38, 101, 39, 102), (59, 22, 60, 23), (58, 92, 59, 91), (4, 36, 5, 35), (77, 36, 78, 37), (92, 19, 93, 20), (8, 42, 9, 41), (73, 40, 74, 41), (33, 78, 34, 79), (34, 4, 35, 3), (69, 99, 70, 98), (11, 100, 12, 101), (54, 25, 55, 26), (56, 90, 57, 89), (16, 95, 17, 96), (65, 95, 66, 94), (85, 30, 86, 31), (84, 52, 85, 51), (93, 63, 94, 62), (18, 63, 19, 64), (44, 75, 45, 76), (43, 7, 44, 6), (45, 0, 46, 1)]"
K9_468,"[(17, 5, 18, 4), (3, 19, 4, 18), (24, 9, 25, 10), (5, 17, 6, 16), (15, 7, 16, 6), (20, 26, 21, 25), (13, 26, 14, 27), (27, 12, 28, 13), (19, 14, 20, 15), (11, 22, 12, 23), (10, 29, 11, 0), (28, 22, 29, 21), (1, 8, 2, 9), (7, 2, 8, 3), (23, 1, 24, 0)]"
K9_488,"[(37, 1, 38, 0), (1, 147, 2, 146), (143, 3, 144, 2), (3, 143, 4, 142), (141, 5, 142, 4), (98, 5, 99, 6), (6, 99, 7, 100), (100, 7, 101, 8), (8, 103, 9, 104), (9, 139, 10, 138), (137, 11, 138, 10), (11, 137, 12, 136), (133, 13, 134, 12), (106, 13, 107, 14), (14, 107, 15, 108), (15, 133, 16, 132), (16, 36, 17, 35), (17, 43, 18, 42), (59, 18, 60, 19), (218, 19, 219, 20), (185, 21, 186, 20), (21, 205, 22, 204), (47, 23, 48, 22), (118, 23, 119, 24), (207, 25, 208, 24), (196, 25, 197, 26), (26, 195, 27, 196), (27, 51, 28, 50), (28, 210, 29, 209), (210, 30, 211, 29), (51, 31, 52, 30), (194, 31, 195, 32), (32, 199, 33, 200), (112, 34, 113, 33), (41, 35, 42, 34), (36, 147, 37, 148), (38, 96, 39, 95), (130, 39, 131, 40), (109, 41, 110, 40), (176, 44, 177, 43), (69, 44, 70, 45), (230, 45, 231, 46), (205, 46, 206, 47), (48, 118, 49, 117), (49, 208, 50, 209), (52, 194, 53, 193), (192, 54, 193, 53), (211, 54, 212, 55), (202, 56, 203, 55), (56, 215, 57, 216), (57, 189, 58, 188), (58, 113, 59, 114), (219, 60, 220, 61), (61, 220, 62, 221), (221, 62, 222, 63), (63, 222, 64, 223), (183, 65, 184, 64), (65, 183, 66, 182), (227, 66, 228, 67), (178, 68, 179, 67), (68, 229, 69, 230), (70, 176, 71, 175), (174, 72, 175, 71), (72, 174, 73, 173), (232, 73, 233, 74), (171, 75, 172, 74), (75, 169, 76, 168), (76, 235, 77, 236), (236, 77, 237, 78), (167, 79, 168, 78), (79, 167, 80, 166), (80, 237, 81, 238), (162, 82, 163, 81), (82, 124, 83, 123), (83, 161, 84, 160), (243, 84, 244, 85), (158, 86, 159, 85), (86, 158, 87, 157), (87, 244, 88, 245), (245, 88, 246, 89), (156, 90, 157, 89), (90, 154, 91, 153), (91, 248, 92, 249), (249, 92, 250, 93), (152, 94, 153, 93), (127, 95, 128, 94), (96, 146, 97, 145), (144, 98, 145, 97), (101, 141, 102, 140), (139, 103, 140, 102), (104, 136, 105, 135), (134, 106, 135, 105), (108, 132, 109, 131), (129, 111, 130, 110), (111, 129, 112, 128), (187, 115, 188, 114), (216, 115, 217, 116), (116, 204, 117, 203), (206, 120, 207, 119), (197, 120, 198, 121), (121, 198, 122, 199), (241, 123, 242, 122), (161, 124, 162, 125), (125, 150, 126, 151), (126, 252, 127, 251), (148, 0, 149, 253), (252, 150, 253, 149), (151, 251, 152, 250), (247, 155, 248, 154), (155, 247, 156, 246), (242, 160, 243, 159), (163, 241, 164, 240), (239, 165, 240, 164), (165, 239, 166, 238), (234, 170, 235, 169), (170, 234, 171, 233), (231, 173, 232, 172), (177, 229, 178, 228), (226, 180, 227, 179), (180, 226, 181, 225), (224, 182, 225, 181), (184, 224, 185, 223), (217, 187, 218, 186), (189, 215, 190, 214), (201, 190, 202, 191), (212, 192, 213, 191), (200, 214, 201, 213)]"
K9_500,"[(15, 289, 16, 288), (88, 25, 89, 26), (247, 25, 248, 24), (31, 124, 32, 125), (125, 30, 126, 31), (311, 39, 312, 38), (57, 46, 58, 47), (74, 39, 75, 40), (105, 50, 106, 51), (151, 44, 152, 45), (200, 49, 201, 50), (277, 49, 278, 48), (328, 46, 329, 45), (4, 48, 5, 47), (101, 57, 102, 56), (152, 60, 153, 59), (327, 58, 328, 59), (9, 52, 10, 53), (62, 110, 63, 109), (61, 274, 62, 275), (75, 117, 76, 116), (79, 219, 80, 218), (73, 312, 74, 313), (130, 82, 131, 81), (177, 85, 178, 84), (253, 82, 254, 83), (299, 80, 300, 81), (89, 133, 90, 132), (85, 179, 86, 178), (86, 251, 87, 252), (91, 296, 92, 297), (98, 148, 99, 147), (103, 199, 104, 198), (202, 108, 203, 107), (273, 110, 274, 111), (104, 279, 105, 280), (323, 106, 324, 107), (363, 114, 364, 115), (12, 97, 13, 98), (308, 119, 309, 120), (128, 305, 129, 306), (126, 257, 127, 258), (127, 173, 128, 172), (185, 139, 186, 138), (246, 133, 247, 134), (300, 129, 301, 130), (156, 204, 157, 203), (154, 275, 155, 276), (329, 150, 330, 151), (10, 145, 11, 146), (249, 180, 250, 181), (179, 250, 180, 251), (301, 174, 302, 175), (199, 278, 200, 279), (324, 201, 325, 202), (13, 192, 14, 193), (17, 239, 18, 238), (243, 295, 244, 294), (302, 256, 303, 255), (325, 277, 326, 276), (11, 285, 12, 284), (337, 142, 338, 143), (340, 187, 341, 188), (341, 19, 342, 18), (338, 242, 339, 241), (339, 293, 340, 292), (335, 94, 336, 95), (76, 361, 77, 362), (168, 355, 169, 356), (261, 355, 262, 354), (120, 357, 121, 358), (307, 359, 308, 358), (35, 357, 36, 356), (196, 56, 197, 55), (194, 150, 195, 149), (195, 101, 196, 100), (190, 333, 191, 334), (189, 290, 190, 291), (188, 239, 189, 240), (184, 19, 185, 20), (316, 209, 317, 210), (365, 208, 0, 209), (42, 211, 43, 212), (144, 94, 145, 93), (140, 293, 141, 294), (141, 242, 142, 243), (143, 336, 144, 337), (139, 187, 140, 186), (137, 20, 138, 21), (66, 160, 67, 159), (223, 33, 224, 32), (219, 307, 220, 306), (222, 123, 223, 124), (213, 364, 214, 365), (313, 72, 314, 73), (362, 69, 363, 70), (40, 71, 41, 72), (215, 69, 216, 68), (115, 71, 116, 70), (272, 63, 273, 64), (160, 68, 161, 67), (287, 15, 288, 14), (291, 241, 292, 240), (285, 96, 286, 97), (286, 191, 287, 192), (283, 146, 284, 147), (282, 53, 283, 54), (295, 347, 296, 346), (92, 347, 93, 348), (244, 346, 245, 345), (22, 344, 23, 343), (135, 344, 136, 345), (183, 342, 184, 343), (353, 182, 354, 183), (351, 134, 352, 135), (352, 24, 353, 23), (350, 246, 351, 245), (349, 90, 350, 91), (348, 298, 349, 297), (157, 322, 158, 323), (64, 319, 65, 320), (271, 321, 272, 320), (111, 318, 112, 319), (204, 321, 205, 322), (43, 315, 44, 314), (0, 318, 1, 317), (235, 148, 236, 149), (233, 54, 234, 55), (236, 193, 237, 194), (234, 99, 235, 100), (232, 282, 233, 281), (280, 8, 281, 7), (231, 9, 232, 8), (102, 5, 103, 6), (197, 6, 198, 7), (60, 1, 61, 2), (153, 2, 154, 3), (326, 4, 327, 3), (260, 34, 261, 33), (256, 304, 257, 303), (259, 122, 260, 123), (258, 221, 259, 222), (254, 175, 255, 176), (51, 230, 52, 231), (298, 230, 299, 229), (87, 226, 88, 227), (248, 226, 249, 225), (26, 228, 27, 227), (131, 228, 132, 229), (181, 224, 182, 225), (29, 176, 30, 177), (28, 83, 29, 84), (27, 253, 28, 252), (21, 136, 22, 137), (360, 266, 361, 265), (77, 266, 78, 267), (217, 268, 218, 269), (117, 264, 118, 265), (310, 264, 311, 263), (37, 263, 38, 262), (171, 221, 172, 220), (170, 122, 171, 121), (173, 304, 174, 305), (162, 267, 163, 268), (169, 34, 170, 35), (36, 167, 37, 168), (309, 166, 310, 167), (269, 158, 270, 159), (118, 166, 119, 165), (216, 162, 217, 161), (78, 164, 79, 163), (359, 164, 360, 165), (214, 114, 215, 113), (212, 41, 213, 42), (210, 315, 211, 316), (95, 334, 96, 335), (237, 331, 238, 330), (289, 333, 290, 332), (16, 332, 17, 331), (155, 109, 156, 108), (65, 207, 66, 206), (270, 205, 271, 206), (112, 208, 113, 207)]"
K9_505,"[(10, 19, 11, 20), (37, 21, 38, 20), (25, 19, 26, 18), (16, 30, 17, 29), (17, 4, 18, 5), (8, 28, 9, 27), (28, 6, 29, 5), (36, 12, 37, 11), (7, 39, 8, 38), (3, 31, 4, 30), (44, 33, 45, 34), (35, 24, 36, 25), (2, 42, 3, 41), (1, 14, 2, 15), (26, 10, 27, 9), (32, 43, 33, 44), (15, 41, 16, 40), (39, 7, 40, 6), (22, 46, 23, 45), (21, 12, 22, 13), (47, 35, 48, 34), (46, 24, 47, 23), (31, 49, 32, 48), (42, 0, 43, 49), (13, 0, 14, 1)]"
K9_509,"[(18, 67, 19, 68), (71, 14, 72, 15), (38, 18, 39, 17), (74, 11, 75, 12), (51, 11, 52, 10), (9, 55, 10, 54), (27, 80, 28, 81), (50, 75, 51, 76), (77, 48, 78, 49), (39, 68, 40, 69), (70, 35, 71, 36), (64, 21, 65, 22), (22, 63, 23, 64), (24, 61, 25, 62), (19, 41, 20, 40), (5, 42, 6, 43), (3, 20, 4, 21), (4, 66, 5, 65), (83, 44, 0, 45), (81, 26, 82, 27), (82, 60, 83, 59), (66, 41, 67, 42), (62, 23, 63, 24), (55, 77, 56, 76), (69, 9, 70, 8), (16, 7, 17, 8), (37, 6, 38, 7), (47, 78, 48, 79), (45, 58, 46, 59), (57, 30, 58, 31), (46, 30, 47, 29), (53, 35, 54, 34), (79, 28, 80, 29), (32, 14, 33, 13), (31, 72, 32, 73), (56, 49, 57, 50), (33, 53, 34, 52), (15, 37, 16, 36), (12, 73, 13, 74), (60, 2, 61, 1), (25, 2, 26, 3), (43, 0, 44, 1)]"
K9_510,"[(25, 1, 26, 0), (1, 9, 2, 8), (2, 55, 3, 56), (56, 3, 57, 4), (7, 5, 8, 4), (5, 39, 6, 38), (39, 7, 40, 6), (54, 10, 55, 9), (23, 10, 24, 11), (11, 51, 12, 50), (12, 68, 13, 67), (13, 26, 14, 27), (27, 14, 28, 15), (48, 16, 49, 15), (65, 17, 66, 16), (17, 63, 18, 62), (18, 31, 19, 32), (19, 47, 20, 46), (41, 21, 42, 20), (58, 22, 59, 21), (35, 22, 36, 23), (24, 54, 25, 53), (47, 29, 48, 28), (64, 30, 65, 29), (30, 64, 31, 63), (32, 46, 33, 45), (42, 34, 43, 33), (59, 35, 60, 34), (36, 58, 37, 57), (37, 41, 38, 40), (43, 60, 44, 61), (61, 44, 62, 45), (49, 66, 50, 67), (68, 51, 69, 52), (52, 69, 53, 0)]"
K9_514,"[(25, 1, 26, 0), (80, 1, 81, 2), (2, 79, 3, 80), (3, 27, 4, 26), (4, 59, 5, 60), (58, 5, 59, 6), (77, 6, 78, 7), (28, 8, 29, 7), (8, 34, 9, 33), (9, 70, 10, 71), (10, 51, 11, 52), (36, 12, 37, 11), (49, 12, 50, 13), (68, 13, 69, 14), (14, 45, 15, 46), (86, 15, 87, 16), (16, 42, 17, 41), (17, 64, 18, 65), (63, 18, 64, 19), (42, 20, 43, 19), (20, 44, 21, 43), (21, 62, 22, 63), (22, 83, 23, 84), (60, 23, 61, 24), (89, 25, 0, 24), (78, 27, 79, 28), (29, 56, 30, 57), (30, 75, 31, 76), (52, 31, 53, 32), (71, 32, 72, 33), (34, 69, 35, 70), (35, 50, 36, 51), (66, 37, 67, 38), (47, 38, 48, 39), (39, 46, 40, 47), (85, 40, 86, 41), (44, 87, 45, 88), (67, 49, 68, 48), (53, 73, 54, 72), (73, 55, 74, 54), (55, 75, 56, 74), (76, 58, 77, 57), (61, 83, 62, 82), (84, 66, 85, 65), (88, 81, 89, 82)]"
K9_515,"[(128, 23, 129, 24), (26, 119, 27, 120), (25, 12, 26, 13), (39, 89, 40, 88), (129, 44, 130, 45), (48, 19, 49, 20), (105, 68, 106, 69), (132, 91, 133, 92), (122, 14, 123, 13), (124, 18, 125, 17), (147, 121, 148, 120), (149, 15, 150, 14), (106, 43, 107, 44), (109, 92, 110, 93), (108, 132, 109, 131), (112, 81, 113, 82), (20, 71, 21, 72), (127, 72, 128, 73), (57, 79, 58, 78), (60, 137, 61, 138), (65, 41, 66, 40), (64, 90, 65, 89), (47, 126, 48, 127), (16, 124, 17, 123), (1, 90, 2, 91), (155, 42, 0, 43), (3, 135, 4, 134), (8, 79, 9, 80), (153, 66, 154, 67), (9, 115, 10, 114), (84, 111, 85, 112), (87, 63, 88, 62), (85, 4, 86, 5), (86, 135, 87, 136), (83, 35, 84, 34), (35, 110, 36, 111), (38, 64, 39, 63), (37, 2, 38, 3), (36, 133, 37, 134), (33, 83, 34, 82), (7, 58, 8, 59), (116, 51, 117, 52), (139, 80, 140, 81), (141, 32, 142, 33), (136, 6, 137, 5), (138, 59, 139, 60), (140, 114, 141, 113), (21, 103, 22, 102), (69, 104, 70, 105), (74, 125, 75, 126), (75, 18, 76, 19), (76, 50, 77, 49), (144, 53, 145, 54), (29, 53, 30, 52), (101, 23, 102, 22), (77, 152, 78, 153), (121, 149, 122, 148), (15, 151, 16, 150), (56, 115, 57, 116), (61, 6, 62, 7), (118, 146, 119, 145), (54, 143, 55, 144), (11, 143, 12, 142), (27, 146, 28, 147), (10, 31, 11, 32), (55, 31, 56, 30), (117, 28, 118, 29), (154, 97, 155, 98), (70, 100, 71, 99), (103, 100, 104, 101), (45, 25, 46, 24), (46, 74, 47, 73), (50, 151, 51, 152), (93, 130, 94, 131), (96, 42, 97, 41), (94, 107, 95, 108), (98, 68, 99, 67), (95, 0, 96, 1)]"
K9_517,"[(3, 1, 4, 0), (1, 33, 2, 32), (33, 3, 34, 2), (4, 52, 5, 51), (50, 6, 51, 5), (6, 50, 7, 49), (7, 20, 8, 21), (47, 9, 48, 8), (9, 47, 10, 46), (45, 11, 46, 10), (22, 11, 23, 12), (12, 25, 13, 26), (26, 13, 27, 14), (14, 40, 15, 39), (36, 16, 37, 15), (16, 36, 17, 35), (54, 18, 55, 17), (18, 54, 19, 53), (19, 30, 20, 31), (48, 22, 49, 21), (23, 45, 24, 44), (43, 25, 44, 24), (27, 43, 28, 42), (41, 29, 42, 28), (29, 41, 30, 40), (52, 32, 53, 31), (55, 34, 56, 35), (37, 56, 38, 57), (57, 38, 0, 39)]"
K9_532,"[(60, 5, 61, 6), (6, 57, 7, 58), (82, 29, 83, 30), (26, 83, 27, 0), (49, 78, 50, 79), (71, 56, 72, 57), (61, 70, 62, 71), (11, 75, 12, 74), (67, 20, 68, 21), (44, 66, 45, 65), (62, 42, 63, 41), (59, 23, 60, 22), (39, 55, 40, 54), (21, 59, 22, 58), (10, 53, 11, 54), (47, 29, 48, 28), (50, 15, 51, 16), (27, 47, 28, 46), (40, 9, 41, 10), (72, 8, 73, 7), (55, 8, 56, 9), (79, 48, 80, 49), (2, 43, 3, 44), (77, 15, 78, 14), (1, 64, 2, 65), (80, 31, 81, 32), (12, 37, 13, 38), (52, 36, 53, 35), (75, 36, 76, 37), (25, 67, 26, 66), (32, 13, 33, 14), (33, 76, 34, 77), (34, 52, 35, 51), (23, 68, 24, 69), (4, 70, 5, 69), (38, 73, 39, 74), (16, 63, 17, 64), (17, 42, 18, 43), (19, 24, 20, 25), (18, 4, 19, 3), (30, 81, 31, 82), (45, 0, 46, 1)]"
K9_533,"[(11, 1, 12, 0), (4, 2, 5, 1), (2, 8, 3, 7), (8, 4, 9, 3), (5, 16, 6, 17), (15, 6, 16, 7), (9, 14, 10, 15), (13, 10, 14, 11), (17, 13, 0, 12)]"
K9_534,"[(4, 13, 5, 14), (19, 6, 0, 7), (12, 1, 13, 2), (5, 8, 6, 9), (15, 11, 16, 10), (16, 3, 17, 4), (2, 17, 3, 18), (11, 19, 12, 18), (9, 15, 10, 14), (7, 0, 8, 1)]"
K9_535,"[(100, 126, 101, 125), (103, 79, 104, 78), (61, 72, 62, 73), (36, 73, 37, 74), (12, 75, 13, 76), (45, 23, 46, 22), (46, 91, 47, 92), (71, 137, 72, 136), (44, 70, 45, 69), (49, 2, 50, 3), (30, 58, 31, 57), (102, 29, 103, 30), (119, 34, 120, 35), (74, 35, 75, 36), (14, 34, 15, 33), (53, 29, 54, 28), (51, 80, 52, 81), (55, 124, 56, 125), (50, 105, 51, 106), (4, 81, 5, 82), (5, 126, 6, 127), (3, 106, 4, 107), (101, 54, 102, 55), (123, 56, 124, 57), (77, 60, 78, 61), (10, 60, 11, 59), (27, 53, 28, 52), (26, 79, 27, 80), (31, 122, 32, 123), (25, 104, 26, 105), (99, 6, 100, 7), (121, 8, 122, 9), (76, 11, 77, 12), (58, 10, 59, 9), (32, 8, 33, 7), (138, 24, 139, 23), (139, 90, 0, 91), (137, 71, 138, 70), (83, 109, 84, 108), (128, 108, 129, 107), (110, 130, 111, 129), (109, 85, 110, 84), (127, 83, 128, 82), (115, 38, 116, 39), (67, 43, 68, 42), (94, 43, 95, 44), (20, 42, 21, 41), (39, 17, 40, 16), (114, 15, 115, 16), (64, 18, 65, 17), (92, 21, 93, 22), (85, 113, 86, 112), (86, 132, 87, 131), (88, 1, 89, 2), (87, 48, 88, 49), (19, 96, 20, 97), (66, 95, 67, 96), (40, 97, 41, 98), (113, 99, 114, 98), (93, 68, 94, 69), (116, 63, 117, 64), (18, 66, 19, 65), (62, 117, 63, 118), (37, 118, 38, 119), (13, 120, 14, 121), (130, 112, 131, 111), (134, 90, 135, 89), (135, 24, 136, 25), (132, 47, 133, 48), (133, 0, 134, 1)]"
K9_536,"[(1, 27, 2, 26), (16, 31, 17, 32), (35, 4, 36, 5), (17, 9, 18, 8), (25, 3, 26, 2), (5, 34, 6, 35), (9, 19, 10, 18), (7, 32, 8, 33), (12, 24, 13, 23), (27, 22, 28, 23), (33, 6, 34, 7), (30, 19, 31, 20), (29, 10, 30, 11), (24, 14, 25, 13), (36, 15, 37, 16), (21, 28, 22, 29), (20, 12, 21, 11), (14, 37, 15, 0), (3, 0, 4, 1)]"
K9_537,"[(52, 89, 53, 90), (76, 52, 77, 51), (46, 54, 47, 53), (41, 59, 42, 58), (37, 14, 38, 15), (38, 62, 39, 61), (26, 86, 27, 85), (62, 36, 63, 35), (69, 31, 70, 30), (72, 28, 73, 27), (21, 55, 22, 54), (16, 58, 17, 57), (11, 65, 12, 64), (65, 11, 66, 10), (8, 68, 9, 67), (1, 85, 2, 84), (68, 6, 69, 5), (73, 3, 74, 2), (87, 60, 88, 61), (74, 83, 75, 84), (86, 40, 87, 39), (4, 29, 5, 30), (90, 78, 91, 77), (91, 50, 0, 51), (63, 13, 64, 12), (48, 80, 49, 79), (47, 22, 48, 23), (88, 16, 89, 15), (13, 36, 14, 37), (7, 32, 8, 33), (3, 71, 4, 70), (55, 19, 56, 18), (44, 19, 45, 20), (23, 79, 24, 78), (24, 49, 25, 50), (59, 41, 60, 40), (17, 42, 18, 43), (31, 6, 32, 7), (28, 72, 29, 71), (56, 44, 57, 43), (20, 45, 21, 46), (34, 9, 35, 10), (33, 67, 34, 66), (80, 26, 81, 25), (82, 75, 83, 76), (81, 1, 82, 0)]"
K9_563,"[(109, 1, 110, 0), (1, 192, 2, 193), (185, 2, 186, 3), (42, 3, 43, 4), (215, 4, 216, 5), (156, 6, 157, 5), (21, 6, 22, 7), (130, 8, 131, 7), (8, 25, 9, 26), (9, 127, 10, 126), (10, 68, 11, 67), (11, 84, 12, 85), (113, 13, 114, 12), (13, 52, 14, 53), (14, 100, 15, 99), (15, 194, 16, 195), (209, 16, 210, 17), (17, 149, 18, 148), (183, 18, 184, 19), (160, 20, 161, 19), (39, 20, 40, 21), (129, 23, 130, 22), (80, 24, 81, 23), (24, 82, 25, 81), (143, 27, 144, 26), (200, 27, 201, 28), (28, 89, 29, 90), (29, 63, 30, 62), (30, 122, 31, 121), (116, 32, 117, 31), (167, 33, 168, 32), (176, 33, 177, 34), (34, 59, 35, 60), (35, 93, 36, 92), (36, 199, 37, 200), (37, 145, 38, 144), (38, 132, 39, 131), (40, 158, 41, 157), (41, 214, 42, 215), (43, 186, 44, 187), (75, 45, 76, 44), (188, 45, 189, 46), (46, 106, 47, 105), (218, 47, 219, 48), (153, 49, 154, 48), (102, 50, 103, 49), (50, 70, 51, 69), (112, 52, 113, 51), (138, 54, 139, 53), (205, 54, 206, 55), (166, 56, 167, 55), (56, 96, 57, 95), (94, 58, 95, 57), (177, 58, 178, 59), (60, 173, 61, 174), (170, 61, 171, 62), (122, 63, 123, 64), (64, 88, 65, 87), (202, 66, 203, 65), (141, 66, 142, 67), (83, 69, 84, 68), (101, 70, 102, 71), (152, 71, 153, 72), (219, 73, 0, 72), (190, 74, 191, 73), (74, 107, 75, 108), (76, 188, 77, 187), (77, 217, 78, 216), (78, 155, 79, 156), (79, 128, 80, 129), (127, 82, 128, 83), (140, 86, 141, 85), (203, 86, 204, 87), (123, 89, 124, 88), (171, 91, 172, 90), (91, 173, 92, 172), (178, 94, 179, 93), (135, 96, 136, 97), (164, 97, 165, 98), (207, 99, 208, 98), (111, 100, 112, 101), (154, 103, 155, 104), (217, 105, 218, 104), (189, 107, 190, 106), (108, 192, 109, 191), (110, 151, 111, 152), (114, 139, 115, 140), (115, 205, 116, 204), (117, 168, 118, 169), (118, 176, 119, 175), (174, 120, 175, 119), (169, 120, 170, 121), (201, 125, 202, 124), (142, 125, 143, 126), (132, 145, 133, 146), (133, 199, 134, 198), (179, 135, 180, 134), (165, 136, 166, 137), (206, 138, 207, 137), (161, 146, 162, 147), (182, 148, 183, 147), (210, 150, 211, 149), (150, 194, 151, 193), (213, 159, 214, 158), (159, 213, 160, 212), (162, 198, 163, 197), (180, 164, 181, 163), (181, 196, 182, 197), (184, 211, 185, 212), (208, 195, 209, 196)]"
K9_564,"[(107, 1, 108, 0), (86, 2, 87, 1), (21, 2, 22, 3), (46, 3, 47, 4), (4, 133, 5, 134), (5, 127, 6, 126), (6, 76, 7, 75), (124, 8, 125, 7), (8, 98, 9, 97), (72, 10, 73, 9), (10, 35, 11, 36), (11, 121, 12, 120), (37, 12, 38, 13), (13, 67, 14, 66), (61, 15, 62, 14), (15, 154, 16, 155), (155, 16, 156, 17), (92, 18, 93, 17), (18, 43, 19, 44), (136, 19, 137, 20), (113, 21, 114, 20), (47, 22, 48, 23), (23, 105, 24, 104), (24, 145, 25, 146), (25, 83, 26, 82), (26, 51, 27, 52), (80, 28, 81, 27), (147, 28, 148, 29), (29, 57, 30, 56), (101, 31, 102, 30), (31, 77, 32, 76), (123, 33, 124, 32), (33, 99, 34, 98), (71, 35, 72, 34), (36, 120, 37, 119), (38, 68, 39, 67), (60, 40, 61, 39), (40, 153, 41, 154), (90, 42, 91, 41), (157, 42, 158, 43), (135, 44, 136, 45), (114, 46, 115, 45), (48, 86, 49, 85), (49, 107, 50, 106), (50, 143, 51, 144), (81, 53, 82, 52), (146, 53, 147, 54), (54, 130, 55, 129), (130, 56, 131, 55), (148, 58, 149, 57), (79, 58, 80, 59), (59, 153, 60, 152), (62, 117, 63, 118), (63, 94, 64, 95), (95, 64, 96, 65), (118, 65, 119, 66), (151, 69, 152, 68), (69, 151, 70, 150), (70, 121, 71, 122), (73, 96, 74, 97), (125, 74, 126, 75), (100, 77, 101, 78), (149, 79, 150, 78), (83, 145, 84, 144), (84, 105, 85, 106), (162, 88, 163, 87), (111, 88, 112, 89), (140, 90, 141, 89), (91, 157, 92, 156), (93, 116, 94, 117), (122, 99, 123, 100), (102, 127, 103, 128), (103, 133, 104, 132), (163, 109, 0, 108), (142, 110, 143, 109), (110, 142, 111, 141), (112, 162, 113, 161), (134, 116, 135, 115), (128, 132, 129, 131), (137, 158, 138, 159), (159, 138, 160, 139), (139, 160, 140, 161)]"
K9_574,"[(125, 161, 126, 160), (38, 159, 39, 160), (196, 163, 197, 164), (164, 195, 165, 196), (142, 108, 143, 107), (136, 55, 137, 56), (140, 15, 141, 16), (143, 181, 144, 180), (134, 61, 135, 62), (132, 172, 133, 171), (124, 71, 125, 72), (123, 198, 124, 199), (100, 21, 101, 22), (20, 101, 21, 102), (58, 99, 59, 100), (175, 103, 176, 102), (98, 59, 99, 60), (184, 95, 185, 96), (97, 175, 98, 174), (72, 200, 73, 199), (40, 74, 41, 73), (70, 161, 71, 162), (32, 66, 33, 65), (66, 167, 67, 168), (177, 54, 178, 55), (57, 23, 58, 22), (17, 53, 18, 52), (39, 201, 40, 200), (33, 168, 34, 169), (176, 19, 177, 20), (13, 182, 14, 183), (193, 166, 194, 167), (162, 69, 163, 70), (197, 69, 198, 68), (91, 106, 92, 107), (94, 52, 95, 51), (93, 15, 94, 14), (90, 179, 91, 180), (92, 141, 93, 142), (81, 116, 82, 117), (85, 43, 86, 42), (172, 187, 173, 188), (64, 192, 65, 191), (31, 193, 32, 192), (133, 188, 134, 189), (96, 185, 97, 186), (110, 89, 111, 90), (109, 145, 110, 144), (103, 18, 104, 19), (108, 182, 109, 181), (104, 53, 105, 54), (62, 30, 63, 29), (169, 26, 170, 27), (189, 29, 190, 28), (130, 27, 131, 28), (47, 112, 48, 113), (49, 87, 50, 86), (46, 10, 47, 9), (50, 183, 51, 184), (48, 147, 49, 148), (30, 127, 31, 128), (190, 129, 191, 130), (170, 132, 171, 131), (63, 128, 64, 129), (41, 122, 42, 123), (10, 111, 11, 112), (12, 88, 13, 87), (6, 44, 7, 43), (11, 146, 12, 147), (105, 139, 106, 138), (56, 135, 57, 136), (16, 139, 17, 140), (178, 138, 179, 137), (156, 1, 157, 2), (155, 80, 156, 81), (154, 120, 155, 119), (148, 7, 149, 8), (145, 88, 146, 89), (149, 44, 150, 45), (152, 118, 153, 117), (126, 37, 127, 38), (67, 35, 68, 34), (165, 36, 166, 37), (194, 36, 195, 35), (82, 151, 83, 152), (84, 6, 85, 5), (78, 121, 79, 122), (158, 75, 159, 76), (25, 187, 26, 186), (24, 173, 25, 174), (23, 61, 24, 60), (120, 79, 121, 80), (118, 154, 119, 153), (113, 8, 114, 9), (114, 45, 115, 46), (2, 115, 3, 116), (3, 150, 4, 151), (4, 84, 5, 83), (201, 75, 0, 74), (76, 157, 77, 158), (77, 1, 78, 0)]"
K9_580,"[(15, 1, 16, 0), (40, 2, 41, 1), (2, 14, 3, 13), (3, 28, 4, 29), (25, 4, 26, 5), (44, 6, 45, 5), (6, 34, 7, 33), (7, 20, 8, 21), (21, 8, 22, 9), (32, 10, 33, 9), (10, 46, 11, 45), (11, 24, 12, 25), (12, 30, 13, 29), (39, 14, 40, 15), (16, 41, 17, 42), (48, 18, 49, 17), (35, 19, 36, 18), (19, 35, 20, 34), (31, 23, 32, 22), (23, 47, 24, 46), (26, 38, 27, 37), (38, 28, 39, 27), (30, 47, 31, 48), (43, 36, 44, 37), (49, 43, 0, 42)]"
K9_585,"[(30, 40, 31, 39), (28, 14, 29, 13), (4, 31, 5, 32), (15, 35, 16, 34), (12, 37, 13, 38), (3, 43, 4, 42), (44, 19, 45, 20), (50, 68, 51, 67), (49, 22, 50, 23), (66, 52, 67, 51), (23, 52, 24, 53), (2, 58, 3, 57), (17, 56, 18, 57), (63, 27, 64, 26), (24, 66, 25, 65), (9, 68, 10, 69), (1, 19, 2, 18), (10, 22, 11, 21), (36, 28, 37, 27), (35, 62, 36, 63), (32, 5, 33, 6), (16, 8, 17, 7), (55, 9, 56, 8), (54, 25, 55, 26), (53, 65, 54, 64), (11, 49, 12, 48), (69, 47, 0, 46), (20, 47, 21, 48), (59, 38, 60, 39), (61, 14, 62, 15), (29, 61, 30, 60), (43, 58, 44, 59), (40, 34, 41, 33), (41, 7, 42, 6), (45, 1, 46, 0)]"
K9_586,"[(139, 1, 140, 0), (40, 1, 41, 2), (2, 142, 3, 141), (3, 70, 4, 71), (4, 116, 5, 115), (5, 14, 6, 15), (89, 6, 90, 7), (122, 8, 123, 7), (8, 91, 9, 92), (9, 65, 10, 64), (10, 147, 11, 148), (118, 11, 119, 12), (145, 12, 146, 13), (66, 14, 67, 13), (15, 114, 16, 115), (37, 17, 38, 16), (17, 73, 18, 72), (18, 169, 19, 0), (19, 43, 20, 42), (20, 137, 21, 138), (50, 22, 51, 21), (135, 22, 136, 23), (76, 24, 77, 23), (163, 24, 164, 25), (108, 25, 109, 26), (26, 56, 27, 55), (27, 156, 28, 157), (153, 28, 154, 29), (29, 104, 30, 105), (30, 129, 31, 130), (60, 32, 61, 31), (32, 84, 33, 83), (124, 33, 125, 34), (97, 34, 98, 35), (88, 36, 89, 35), (36, 113, 37, 114), (38, 72, 39, 71), (39, 140, 40, 141), (138, 41, 139, 42), (74, 44, 75, 43), (111, 44, 112, 45), (166, 45, 167, 46), (46, 165, 47, 166), (47, 110, 48, 111), (48, 76, 49, 75), (49, 136, 50, 137), (134, 51, 135, 52), (77, 53, 78, 52), (162, 53, 163, 54), (107, 54, 108, 55), (56, 155, 57, 156), (154, 57, 155, 58), (58, 103, 59, 104), (59, 128, 60, 129), (61, 83, 62, 82), (95, 62, 96, 63), (63, 92, 64, 93), (120, 65, 121, 66), (67, 144, 68, 145), (68, 117, 69, 118), (142, 69, 143, 70), (73, 168, 74, 169), (78, 133, 79, 134), (160, 79, 161, 80), (80, 159, 81, 160), (150, 81, 151, 82), (101, 84, 102, 85), (126, 85, 127, 86), (86, 99, 87, 100), (98, 87, 99, 88), (90, 121, 91, 122), (148, 94, 149, 93), (94, 150, 95, 149), (96, 124, 97, 123), (125, 101, 126, 100), (102, 128, 103, 127), (152, 106, 153, 105), (106, 158, 107, 157), (164, 110, 165, 109), (112, 168, 113, 167), (143, 117, 144, 116), (119, 147, 120, 146), (151, 131, 152, 130), (131, 159, 132, 158), (161, 133, 162, 132)]"
K9_591,"[(19, 1, 20, 0), (1, 19, 2, 18), (35, 3, 36, 2), (16, 4, 17, 3), (4, 16, 5, 15), (40, 5, 41, 6), (27, 7, 28, 6), (7, 25, 8, 24), (8, 43, 9, 44), (9, 35, 10, 34), (47, 10, 0, 11), (20, 12, 21, 11), (12, 37, 13, 38), (30, 14, 31, 13), (14, 30, 15, 29), (36, 17, 37, 18), (46, 22, 47, 21), (22, 46, 23, 45), (23, 32, 24, 33), (42, 26, 43, 25), (26, 42, 27, 41), (39, 29, 40, 28), (31, 39, 32, 38), (44, 34, 45, 33)]"
K9_592,"[(15, 1, 16, 0), (1, 26, 2, 27), (39, 3, 40, 2), (3, 43, 4, 42), (4, 22, 5, 21), (18, 6, 19, 5), (6, 18, 7, 17), (32, 7, 33, 8), (45, 9, 0, 8), (9, 34, 10, 35), (35, 10, 36, 11), (24, 12, 25, 11), (12, 37, 13, 38), (38, 13, 39, 14), (14, 26, 15, 25), (31, 17, 32, 16), (19, 31, 20, 30), (29, 21, 30, 20), (22, 43, 23, 44), (23, 37, 24, 36), (40, 28, 41, 27), (28, 42, 29, 41), (44, 34, 45, 33)]"
K9_596,"[(16, 31, 17, 32), (55, 35, 56, 34), (8, 34, 9, 33), (19, 7, 20, 6), (17, 59, 18, 58), (37, 20, 38, 21), (54, 5, 55, 6), (35, 5, 36, 4), (36, 54, 37, 53), (7, 19, 8, 18), (30, 15, 31, 16), (52, 40, 53, 39), (21, 38, 22, 39), (13, 28, 14, 29), (12, 46, 13, 45), (44, 12, 45, 11), (41, 22, 42, 23), (40, 52, 41, 51), (3, 50, 4, 51), (1, 25, 2, 24), (61, 10, 0, 11), (60, 30, 61, 29), (59, 15, 60, 14), (32, 58, 33, 57), (9, 56, 10, 57), (48, 24, 49, 23), (49, 2, 50, 3), (47, 43, 48, 42), (27, 47, 28, 46), (26, 43, 27, 44), (25, 1, 26, 0)]"
K9_597,"[(10, 4, 11, 3), (25, 2, 26, 3), (22, 5, 23, 6), (26, 9, 27, 10), (21, 12, 22, 13), (13, 20, 14, 21), (19, 29, 20, 28), (29, 19, 0, 18), (8, 16, 9, 15), (1, 15, 2, 14), (6, 27, 7, 28), (4, 23, 5, 24), (11, 24, 12, 25), (16, 8, 17, 7), (17, 1, 18, 0)]"
K9_608,"[(14, 31, 15, 32), (9, 29, 10, 28), (104, 30, 105, 29), (83, 37, 84, 36), (51, 30, 52, 31), (113, 21, 114, 20), (16, 88, 17, 87), (78, 24, 79, 23), (15, 5, 16, 4), (18, 102, 19, 101), (17, 54, 18, 55), (106, 12, 107, 11), (49, 12, 50, 13), (102, 7, 103, 8), (10, 73, 11, 74), (8, 91, 9, 92), (88, 5, 89, 6), (53, 7, 54, 6), (1, 69, 2, 68), (75, 108, 76, 109), (114, 64, 115, 63), (111, 45, 112, 44), (46, 110, 47, 109), (107, 49, 108, 48), (103, 90, 104, 91), (82, 99, 83, 100), (52, 90, 53, 89), (85, 57, 86, 56), (38, 82, 39, 81), (77, 67, 78, 66), (74, 48, 75, 47), (41, 64, 42, 65), (37, 99, 38, 98), (58, 80, 59, 79), (60, 116, 61, 115), (61, 95, 62, 94), (59, 40, 60, 41), (42, 21, 43, 22), (65, 22, 66, 23), (96, 40, 97, 39), (93, 63, 94, 62), (92, 20, 93, 19), (95, 116, 96, 117), (97, 80, 98, 81), (34, 57, 35, 58), (121, 2, 0, 3), (118, 56, 119, 55), (117, 100, 118, 101), (119, 86, 120, 87), (120, 34, 121, 33), (32, 4, 33, 3), (35, 85, 36, 84), (24, 67, 25, 68), (25, 77, 26, 76), (27, 111, 28, 110), (26, 45, 27, 46), (43, 113, 44, 112), (70, 13, 71, 14), (71, 50, 72, 51), (72, 106, 73, 105), (69, 1, 70, 0)]"
K9_610,"[(119, 40, 120, 41), (33, 124, 34, 125), (128, 31, 129, 32), (66, 22, 67, 21), (76, 126, 77, 125), (9, 100, 10, 101), (58, 95, 59, 96), (13, 96, 14, 97), (17, 90, 18, 91), (60, 93, 61, 94), (22, 87, 23, 88), (67, 88, 68, 89), (70, 83, 71, 84), (25, 82, 26, 83), (127, 79, 128, 78), (160, 113, 161, 114), (156, 115, 157, 116), (159, 47, 160, 46), (155, 45, 156, 44), (152, 121, 153, 122), (150, 38, 151, 37), (89, 18, 90, 19), (64, 20, 65, 19), (114, 157, 115, 158), (73, 29, 74, 28), (86, 23, 87, 24), (118, 153, 119, 154), (116, 43, 117, 44), (110, 49, 111, 50), (42, 117, 43, 118), (41, 155, 42, 154), (97, 12, 98, 13), (61, 15, 62, 14), (48, 111, 49, 112), (45, 159, 46, 158), (92, 15, 93, 16), (94, 59, 95, 60), (16, 64, 17, 63), (126, 145, 127, 146), (32, 148, 33, 147), (77, 146, 78, 147), (112, 161, 113, 0), (107, 52, 108, 53), (104, 5, 105, 6), (98, 57, 99, 58), (101, 8, 102, 9), (30, 82, 31, 81), (1, 108, 2, 109), (50, 109, 51, 110), (26, 72, 27, 71), (85, 68, 86, 69), (53, 7, 54, 6), (54, 103, 55, 104), (2, 52, 3, 51), (4, 105, 5, 106), (7, 102, 8, 103), (11, 57, 12, 56), (74, 143, 75, 144), (79, 143, 80, 142), (29, 140, 30, 141), (138, 27, 139, 28), (141, 81, 142, 80), (139, 72, 140, 73), (38, 129, 39, 130), (122, 132, 123, 131), (151, 130, 152, 131), (144, 75, 145, 76), (69, 136, 70, 137), (84, 138, 85, 137), (24, 135, 25, 136), (133, 10, 134, 11), (134, 100, 135, 99), (132, 55, 133, 56), (91, 62, 92, 63), (20, 66, 21, 65), (39, 120, 40, 121), (36, 150, 37, 149), (148, 36, 149, 35), (123, 34, 124, 35), (106, 3, 107, 4), (47, 1, 48, 0)]"
K9_612,"[(224, 171, 225, 172), (222, 130, 223, 129), (225, 73, 226, 72), (220, 17, 221, 18), (219, 39, 220, 38), (205, 125, 206, 124), (213, 59, 214, 58), (211, 28, 212, 29), (210, 179, 211, 180), (207, 95, 208, 94), (90, 210, 91, 209), (198, 169, 199, 170), (194, 132, 195, 131), (195, 77, 196, 76), (197, 75, 198, 74), (187, 43, 188, 42), (191, 16, 192, 17), (109, 189, 110, 188), (150, 176, 151, 175), (119, 181, 120, 180), (89, 179, 90, 178), (62, 178, 63, 177), (45, 175, 46, 174), (25, 176, 26, 177), (105, 167, 106, 166), (155, 122, 156, 123), (154, 93, 155, 94), (152, 63, 153, 64), (157, 36, 158, 37), (35, 158, 36, 159), (151, 25, 152, 24), (101, 130, 102, 131), (128, 69, 129, 70), (121, 92, 122, 93), (91, 120, 92, 121), (66, 125, 67, 126), (48, 127, 49, 128), (20, 124, 21, 123), (108, 83, 109, 84), (99, 70, 100, 71), (110, 41, 111, 42), (111, 11, 112, 10), (64, 95, 65, 96), (46, 97, 47, 98), (87, 60, 88, 61), (88, 28, 89, 27), (84, 43, 85, 44), (22, 66, 23, 65), (49, 68, 50, 69), (61, 27, 62, 26), (52, 37, 53, 38), (50, 20, 51, 19), (11, 41, 12, 40), (115, 7, 116, 6), (29, 2, 30, 3), (214, 229, 215, 0), (85, 229, 86, 228), (146, 2, 147, 1), (44, 228, 45, 227), (14, 82, 15, 81), (13, 190, 14, 191), (8, 114, 9, 113), (4, 144, 5, 143), (59, 148, 60, 149), (86, 149, 87, 150), (30, 146, 31, 145), (212, 148, 213, 147), (136, 190, 137, 189), (134, 107, 135, 108), (135, 82, 136, 83), (137, 13, 138, 12), (138, 39, 139, 40), (144, 32, 145, 31), (118, 34, 119, 33), (3, 32, 4, 33), (181, 34, 182, 35), (186, 9, 187, 10), (185, 113, 186, 112), (183, 141, 184, 140), (153, 209, 154, 208), (67, 205, 68, 204), (47, 203, 48, 202), (126, 204, 127, 203), (98, 202, 99, 201), (21, 206, 22, 207), (173, 200, 174, 201), (226, 199, 227, 200), (172, 72, 173, 71), (165, 107, 166, 106), (168, 134, 169, 133), (163, 192, 164, 193), (161, 18, 162, 19), (164, 80, 165, 79), (162, 221, 163, 222), (160, 52, 161, 51), (159, 157, 160, 156), (5, 57, 6, 56), (142, 55, 143, 56), (117, 54, 118, 55), (182, 54, 183, 53), (73, 171, 74, 170), (80, 16, 81, 15), (75, 197, 76, 196), (77, 132, 78, 133), (78, 103, 79, 104), (184, 217, 185, 218), (114, 216, 115, 215), (139, 219, 140, 218), (7, 216, 8, 217), (116, 141, 117, 142), (167, 105, 168, 104), (193, 103, 194, 102), (223, 101, 224, 100), (23, 97, 24, 96), (57, 1, 58, 0)]"
K9_622,"[(169, 1, 170, 0), (1, 165, 2, 164), (2, 100, 3, 99), (26, 3, 27, 4), (63, 4, 64, 5), (142, 6, 143, 5), (159, 7, 160, 6), (94, 8, 95, 7), (127, 9, 128, 8), (9, 72, 10, 73), (73, 10, 74, 11), (11, 115, 12, 114), (12, 75, 13, 76), (112, 14, 113, 13), (14, 112, 15, 111), (108, 16, 109, 15), (16, 152, 17, 151), (17, 36, 18, 37), (37, 18, 38, 19), (19, 133, 20, 132), (177, 20, 178, 21), (21, 56, 22, 57), (22, 84, 23, 83), (170, 24, 171, 23), (24, 98, 25, 97), (25, 163, 26, 162), (64, 27, 65, 28), (141, 29, 142, 28), (124, 30, 125, 29), (30, 69, 31, 70), (156, 32, 157, 31), (91, 33, 92, 32), (33, 117, 34, 116), (107, 35, 108, 34), (35, 153, 36, 152), (38, 53, 39, 54), (39, 135, 40, 134), (179, 40, 180, 41), (41, 85, 42, 84), (42, 181, 43, 0), (168, 44, 169, 43), (44, 102, 45, 101), (45, 167, 46, 166), (65, 46, 66, 47), (122, 48, 123, 47), (139, 49, 140, 48), (49, 68, 50, 69), (50, 120, 51, 119), (88, 52, 89, 51), (105, 53, 106, 52), (54, 134, 55, 133), (178, 55, 179, 56), (57, 83, 58, 82), (171, 59, 172, 58), (59, 97, 60, 96), (145, 61, 146, 60), (61, 145, 62, 144), (62, 162, 63, 161), (121, 67, 122, 66), (138, 68, 139, 67), (157, 71, 158, 70), (92, 72, 93, 71), (74, 116, 75, 115), (113, 77, 114, 76), (77, 111, 78, 110), (109, 79, 110, 78), (79, 175, 80, 174), (129, 80, 130, 81), (148, 81, 149, 82), (180, 86, 181, 85), (103, 86, 104, 87), (87, 136, 88, 137), (89, 154, 90, 155), (90, 117, 91, 118), (126, 93, 127, 94), (146, 95, 147, 96), (163, 98, 164, 99), (100, 165, 101, 166), (167, 102, 168, 103), (104, 135, 105, 136), (106, 153, 107, 154), (155, 118, 156, 119), (137, 120, 138, 121), (123, 140, 124, 141), (125, 158, 126, 159), (173, 128, 174, 129), (149, 130, 150, 131), (176, 132, 177, 131), (143, 160, 144, 161), (172, 147, 173, 148), (175, 151, 176, 150)]"
K9_626,"[(61, 129, 62, 128), (75, 310, 76, 311), (314, 73, 315, 74), (283, 106, 284, 107), (101, 20, 102, 21), (142, 6, 143, 5), (148, 241, 149, 242), (245, 144, 246, 145), (190, 155, 191, 156), (12, 243, 13, 244), (286, 18, 287, 17), (35, 165, 36, 164), (21, 100, 22, 101), (193, 288, 194, 289), (195, 103, 196, 102), (121, 138, 122, 139), (117, 6, 118, 7), (327, 258, 328, 259), (270, 138, 271, 137), (2, 140, 3, 139), (99, 22, 100, 23), (16, 286, 17, 285), (247, 8, 248, 9), (126, 256, 127, 255), (187, 254, 188, 255), (93, 156, 94, 157), (94, 27, 95, 28), (97, 233, 98, 232), (95, 292, 96, 293), (223, 93, 224, 92), (226, 157, 227, 158), (230, 29, 231, 30), (30, 229, 31, 230), (289, 234, 290, 235), (299, 88, 300, 89), (296, 160, 297, 159), (293, 29, 294, 28), (262, 257, 263, 258), (179, 135, 180, 134), (210, 133, 211, 134), (313, 133, 314, 132), (74, 131, 75, 132), (50, 136, 51, 135), (176, 266, 177, 265), (216, 267, 217, 268), (308, 264, 309, 263), (77, 266, 78, 267), (47, 269, 48, 268), (202, 128, 203, 127), (9, 147, 10, 146), (165, 90, 166, 91), (160, 298, 161, 297), (162, 225, 163, 226), (237, 18, 238, 19), (236, 287, 237, 288), (240, 149, 241, 150), (238, 104, 239, 103), (113, 276, 114, 277), (10, 276, 11, 275), (143, 273, 144, 272), (246, 273, 247, 274), (107, 282, 108, 283), (110, 13, 111, 14), (114, 147, 115, 148), (111, 243, 112, 242), (109, 280, 110, 281), (281, 108, 282, 109), (279, 244, 280, 245), (274, 146, 275, 145), (278, 12, 279, 11), (277, 112, 278, 113), (248, 116, 249, 115), (141, 118, 142, 119), (7, 116, 8, 117), (119, 251, 120, 250), (271, 252, 272, 253), (140, 249, 141, 250), (4, 251, 5, 252), (201, 257, 202, 256), (194, 19, 195, 20), (60, 261, 61, 262), (24, 233, 25, 234), (192, 236, 193, 235), (76, 177, 77, 178), (306, 174, 307, 173), (213, 178, 214, 179), (269, 122, 270, 123), (136, 123, 137, 124), (3, 120, 4, 121), (253, 125, 254, 124), (188, 125, 189, 126), (320, 56, 321, 55), (67, 54, 68, 55), (264, 330, 265, 329), (23, 98, 24, 99), (26, 292, 27, 291), (57, 62, 58, 63), (324, 63, 325, 64), (129, 59, 130, 58), (130, 326, 131, 325), (259, 326, 260, 327), (260, 59, 261, 60), (15, 104, 16, 105), (161, 35, 162, 34), (168, 40, 169, 39), (301, 39, 302, 38), (86, 37, 87, 38), (228, 31, 229, 32), (227, 294, 228, 295), (87, 300, 88, 301), (41, 303, 42, 302), (172, 306, 173, 305), (212, 311, 213, 312), (151, 96, 152, 97), (150, 231, 151, 232), (153, 291, 154, 290), (152, 26, 153, 25), (221, 85, 222, 84), (170, 81, 171, 82), (303, 82, 304, 83), (42, 83, 43, 84), (66, 206, 67, 205), (56, 203, 57, 204), (321, 204, 322, 205), (78, 218, 79, 217), (312, 211, 313, 212), (182, 207, 183, 208), (304, 44, 305, 43), (80, 45, 81, 46), (171, 45, 172, 44), (214, 49, 215, 50), (224, 163, 225, 164), (89, 166, 90, 167), (40, 170, 41, 169), (298, 168, 299, 167), (48, 215, 49, 216), (85, 223, 86, 222), (307, 220, 308, 221), (175, 218, 176, 219), (71, 316, 72, 317), (180, 318, 181, 317), (208, 315, 209, 316), (51, 319, 52, 318), (64, 323, 65, 324), (322, 65, 323, 66), (53, 68, 54, 69), (209, 73, 210, 72), (181, 70, 182, 71), (154, 191, 155, 192), (33, 159, 34, 158), (32, 296, 33, 295), (36, 91, 37, 92), (239, 197, 240, 196), (284, 199, 285, 200), (14, 197, 15, 198), (105, 199, 106, 198), (189, 200, 190, 201), (319, 187, 320, 186), (69, 184, 70, 185), (206, 183, 207, 184), (52, 186, 53, 185), (219, 330, 220, 331), (174, 0, 175, 331), (309, 329, 310, 328), (46, 2, 47, 1), (79, 0, 80, 1)]"
K9_630,"[(122, 61, 123, 62), (8, 59, 9, 60), (57, 85, 58, 84), (63, 6, 64, 7), (71, 99, 72, 98), (74, 111, 75, 112), (83, 105, 84, 104), (76, 19, 77, 20), (124, 87, 125, 88), (119, 90, 120, 91), (9, 86, 10, 87), (23, 94, 24, 95), (102, 113, 103, 114), (48, 98, 49, 97), (137, 96, 138, 97), (101, 136, 102, 137), (126, 107, 127, 108), (11, 108, 12, 109), (103, 22, 104, 23), (109, 29, 110, 28), (135, 113, 136, 112), (51, 110, 52, 111), (130, 14, 131, 13), (133, 21, 134, 20), (128, 35, 129, 36), (114, 95, 115, 96), (31, 132, 32, 133), (33, 14, 34, 15), (30, 78, 31, 77), (29, 18, 30, 19), (37, 107, 38, 106), (138, 69, 139, 70), (99, 73, 100, 72), (15, 32, 16, 33), (17, 78, 18, 79), (16, 132, 17, 131), (139, 46, 0, 47), (73, 51, 74, 50), (100, 50, 101, 49), (54, 21, 55, 22), (56, 106, 57, 105), (53, 134, 54, 135), (52, 76, 53, 75), (123, 42, 124, 43), (88, 44, 89, 43), (26, 45, 27, 46), (60, 42, 61, 41), (7, 40, 8, 41), (82, 56, 83, 55), (80, 129, 81, 130), (81, 35, 82, 34), (79, 12, 80, 13), (115, 68, 116, 69), (93, 67, 94, 66), (24, 67, 25, 68), (47, 71, 48, 70), (5, 64, 6, 65), (38, 86, 39, 85), (39, 59, 40, 58), (36, 127, 37, 128), (10, 126, 11, 125), (92, 117, 93, 118), (62, 121, 63, 122), (25, 117, 26, 116), (89, 120, 90, 121), (44, 1, 45, 2), (65, 4, 66, 5), (91, 2, 92, 3), (118, 4, 119, 3), (27, 1, 28, 0)]"
K9_633,"[(13, 62, 14, 63), (17, 38, 18, 39), (63, 12, 64, 13), (42, 15, 43, 16), (8, 45, 9, 46), (44, 9, 45, 10), (4, 69, 5, 70), (30, 79, 31, 0), (3, 26, 4, 27), (75, 56, 76, 57), (77, 36, 78, 37), (76, 20, 77, 19), (25, 75, 26, 74), (47, 67, 48, 66), (65, 47, 66, 46), (61, 14, 62, 15), (54, 34, 55, 33), (55, 22, 56, 23), (29, 53, 30, 52), (51, 29, 52, 28), (37, 18, 38, 19), (34, 21, 35, 22), (23, 32, 24, 33), (11, 64, 12, 65), (70, 28, 71, 27), (67, 6, 68, 7), (16, 57, 17, 58), (41, 61, 42, 60), (39, 59, 40, 58), (5, 50, 6, 51), (1, 72, 2, 73), (31, 24, 32, 25), (71, 2, 72, 3), (48, 7, 49, 8), (10, 43, 11, 44), (68, 50, 69, 49), (20, 35, 21, 36), (59, 41, 60, 40), (53, 78, 54, 79), (73, 0, 74, 1)]"
K9_634,"[(11, 61, 12, 60), (80, 14, 81, 13), (17, 40, 18, 41), (22, 76, 23, 75), (41, 18, 42, 19), (19, 42, 20, 43), (21, 97, 22, 96), (29, 87, 30, 86), (2, 34, 3, 33), (79, 31, 80, 30), (76, 40, 77, 39), (46, 70, 47, 69), (45, 91, 46, 90), (67, 49, 68, 48), (52, 86, 53, 85), (82, 61, 83, 62), (99, 56, 0, 57), (62, 83, 63, 84), (70, 91, 71, 92), (73, 94, 74, 95), (95, 74, 96, 75), (8, 93, 9, 94), (68, 26, 69, 25), (47, 24, 48, 25), (88, 28, 89, 27), (6, 24, 7, 23), (59, 35, 60, 34), (98, 44, 99, 43), (97, 21, 98, 20), (92, 71, 93, 72), (28, 66, 29, 65), (87, 66, 88, 67), (7, 72, 8, 73), (51, 65, 52, 64), (38, 78, 39, 77), (36, 2, 37, 1), (37, 16, 38, 17), (35, 59, 36, 58), (63, 55, 64, 54), (26, 49, 27, 50), (89, 51, 90, 50), (9, 45, 10, 44), (55, 11, 56, 10), (84, 54, 85, 53), (12, 82, 13, 81), (15, 32, 16, 33), (78, 5, 79, 6), (31, 5, 32, 4), (14, 4, 15, 3), (57, 0, 58, 1)]"
K9_639,"[(13, 26, 14, 27), (12, 42, 13, 41), (22, 8, 23, 7), (5, 42, 6, 43), (4, 26, 5, 25), (1, 31, 2, 30), (14, 4, 15, 3), (24, 44, 25, 43), (21, 38, 22, 39), (18, 33, 19, 34), (16, 29, 17, 30), (28, 15, 29, 16), (40, 12, 41, 11), (27, 3, 28, 2), (49, 35, 0, 34), (46, 40, 47, 39), (45, 6, 46, 7), (44, 24, 45, 23), (10, 47, 11, 48), (8, 38, 9, 37), (9, 21, 10, 20), (36, 19, 37, 20), (35, 49, 36, 48), (32, 17, 33, 18), (31, 1, 32, 0)]"
K9_643,"[(47, 1, 48, 0), (1, 22, 2, 23), (2, 44, 3, 43), (42, 4, 43, 3), (4, 64, 5, 63), (24, 5, 25, 6), (6, 25, 7, 26), (60, 8, 61, 7), (27, 8, 28, 9), (9, 28, 10, 29), (10, 60, 11, 59), (56, 12, 57, 11), (12, 56, 13, 55), (32, 13, 33, 14), (53, 15, 54, 14), (15, 51, 16, 50), (49, 17, 50, 16), (17, 49, 18, 48), (18, 35, 19, 36), (36, 19, 37, 20), (20, 67, 21, 0), (46, 22, 47, 21), (23, 63, 24, 62), (61, 27, 62, 26), (29, 59, 30, 58), (57, 31, 58, 30), (31, 55, 32, 54), (52, 34, 53, 33), (34, 52, 35, 51), (37, 66, 38, 67), (45, 39, 46, 38), (39, 45, 40, 44), (65, 40, 66, 41), (41, 64, 42, 65)]"
K9_645,"[(6, 21, 7, 22), (32, 23, 33, 24), (18, 7, 19, 8), (22, 33, 23, 34), (16, 11, 17, 12), (19, 36, 20, 37), (14, 28, 15, 27), (28, 14, 29, 13), (37, 9, 0, 8), (5, 35, 6, 34), (31, 5, 32, 4), (24, 3, 25, 4), (2, 30, 3, 29), (1, 26, 2, 27), (25, 30, 26, 31), (10, 17, 11, 18), (35, 20, 36, 21), (12, 15, 13, 16), (9, 1, 10, 0)]"
K9_648,"[(42, 66, 43, 65), (36, 69, 37, 70), (27, 50, 28, 51), (22, 57, 23, 58), (12, 41, 13, 42), (5, 46, 6, 47), (3, 48, 4, 49), (79, 54, 80, 55), (70, 63, 71, 64), (66, 56, 67, 55), (49, 28, 50, 29), (75, 38, 76, 39), (43, 32, 44, 33), (2, 30, 3, 29), (67, 24, 68, 25), (8, 34, 9, 33), (10, 36, 11, 35), (44, 7, 45, 8), (34, 10, 35, 9), (62, 15, 63, 16), (61, 72, 62, 73), (58, 40, 59, 39), (17, 60, 18, 61), (47, 4, 48, 5), (31, 7, 32, 6), (68, 77, 69, 78), (20, 37, 21, 38), (11, 64, 12, 65), (16, 74, 17, 73), (56, 23, 57, 24), (81, 52, 0, 53), (78, 26, 79, 25), (40, 13, 41, 14), (71, 15, 72, 14), (30, 45, 31, 46), (53, 80, 54, 81), (21, 77, 22, 76), (74, 20, 75, 19), (59, 18, 60, 19), (26, 2, 27, 1), (51, 0, 52, 1)]"
K9_650,"[(27, 80, 28, 81), (21, 50, 22, 51), (65, 24, 66, 25), (3, 15, 4, 14), (19, 72, 20, 73), (17, 54, 18, 55), (51, 20, 52, 21), (9, 40, 10, 41), (38, 15, 39, 16), (31, 22, 32, 23), (12, 0, 13, 83), (10, 77, 11, 78), (11, 60, 12, 61), (4, 73, 5, 74), (2, 57, 3, 58), (30, 5, 31, 6), (58, 1, 59, 2), (81, 28, 82, 29), (62, 80, 63, 79), (52, 72, 53, 71), (33, 69, 34, 68), (67, 49, 68, 48), (32, 50, 33, 49), (64, 7, 65, 8), (25, 9, 26, 8), (35, 71, 36, 70), (39, 57, 40, 56), (44, 30, 45, 29), (46, 23, 47, 24), (45, 6, 46, 7), (82, 43, 83, 44), (53, 37, 54, 36), (69, 35, 70, 34), (18, 37, 19, 38), (61, 43, 62, 42), (55, 16, 56, 17), (26, 63, 27, 64), (47, 67, 48, 66), (78, 42, 79, 41), (76, 60, 77, 59), (74, 13, 75, 14), (75, 0, 76, 1)]"
K9_651,"[(13, 1, 14, 0), (26, 2, 27, 1), (2, 28, 3, 27), (14, 3, 15, 4), (4, 15, 5, 16), (16, 5, 17, 6), (6, 17, 7, 18), (34, 8, 35, 7), (19, 8, 20, 9), (9, 22, 10, 23), (10, 32, 11, 31), (28, 12, 29, 11), (25, 12, 26, 13), (35, 19, 0, 18), (20, 34, 21, 33), (32, 22, 33, 21), (23, 31, 24, 30), (29, 25, 30, 24)]"
K9_655,"[(13, 1, 14, 0), (38, 1, 39, 2), (29, 2, 30, 3), (3, 28, 4, 29), (19, 4, 20, 5), (5, 18, 6, 19), (6, 37, 7, 38), (16, 7, 17, 8), (8, 48, 9, 47), (9, 44, 10, 45), (51, 11, 0, 10), (24, 11, 25, 12), (12, 23, 13, 24), (45, 14, 46, 15), (15, 46, 16, 47), (17, 37, 18, 36), (20, 28, 21, 27), (30, 22, 31, 21), (39, 23, 40, 22), (25, 43, 26, 42), (26, 34, 27, 33), (40, 32, 41, 31), (32, 42, 33, 41), (49, 34, 50, 35), (35, 48, 36, 49), (50, 43, 51, 44)]"
K9_663,"[(11, 1, 12, 0), (1, 11, 2, 10), (2, 23, 3, 24), (8, 4, 9, 3), (25, 4, 26, 5), (5, 26, 6, 27), (6, 19, 7, 20), (18, 7, 19, 8), (24, 9, 25, 10), (29, 13, 0, 12), (22, 14, 23, 13), (14, 22, 15, 21), (15, 29, 16, 28), (27, 17, 28, 16), (20, 18, 21, 17)]"
K9_664,"[(118, 59, 119, 60), (10, 58, 11, 57), (115, 56, 116, 57), (113, 52, 114, 53), (119, 9, 120, 8), (143, 87, 144, 86), (100, 87, 101, 88), (51, 110, 52, 111), (14, 112, 15, 111), (19, 107, 20, 106), (47, 108, 48, 109), (26, 100, 27, 99), (40, 101, 41, 102), (28, 98, 29, 97), (84, 105, 85, 106), (141, 102, 142, 103), (76, 96, 77, 95), (68, 129, 69, 130), (69, 159, 70, 158), (66, 125, 67, 126), (62, 6, 63, 5), (63, 120, 64, 121), (60, 8, 61, 7), (12, 54, 13, 53), (16, 50, 17, 49), (109, 48, 110, 49), (93, 81, 94, 80), (90, 140, 91, 139), (144, 26, 145, 25), (82, 22, 83, 21), (123, 3, 124, 2), (121, 64, 122, 65), (9, 117, 10, 116), (55, 114, 56, 115), (96, 145, 97, 146), (83, 44, 84, 45), (29, 39, 30, 38), (142, 41, 143, 42), (35, 79, 36, 78), (31, 141, 32, 140), (24, 86, 25, 85), (107, 19, 108, 18), (50, 16, 51, 15), (32, 92, 33, 91), (37, 146, 38, 147), (112, 14, 113, 13), (54, 12, 55, 11), (131, 72, 132, 73), (103, 23, 104, 22), (46, 18, 47, 17), (157, 71, 158, 70), (42, 24, 43, 23), (98, 28, 99, 27), (138, 34, 139, 33), (136, 79, 137, 80), (135, 95, 136, 94), (75, 153, 76, 152), (134, 152, 135, 151), (58, 117, 59, 118), (20, 46, 21, 45), (104, 43, 105, 44), (6, 62, 7, 61), (3, 123, 4, 122), (74, 133, 75, 134), (159, 129, 0, 128), (1, 125, 2, 124), (4, 66, 5, 65), (130, 156, 131, 155), (71, 157, 72, 156), (148, 138, 149, 137), (150, 82, 151, 81), (149, 92, 150, 93), (147, 34, 148, 35), (89, 31, 90, 30), (77, 37, 78, 36), (39, 88, 40, 89), (153, 133, 154, 132), (154, 74, 155, 73), (126, 67, 127, 68), (127, 1, 128, 0)]"
K9_668,"[(11, 1, 12, 0), (30, 1, 31, 2), (2, 14, 3, 13), (22, 3, 23, 4), (17, 5, 18, 4), (5, 34, 6, 35), (35, 6, 36, 7), (7, 19, 8, 18), (19, 9, 20, 8), (9, 26, 10, 27), (37, 11, 0, 10), (12, 30, 13, 29), (31, 15, 32, 14), (15, 33, 16, 32), (23, 16, 24, 17), (20, 27, 21, 28), (28, 21, 29, 22), (24, 33, 25, 34), (36, 25, 37, 26)]"
K9_670,"[(57, 19, 58, 18), (60, 168, 61, 167), (115, 42, 116, 43), (194, 45, 195, 46), (36, 196, 37, 195), (192, 32, 193, 31), (35, 119, 36, 118), (117, 35, 118, 34), (187, 197, 188, 196), (193, 183, 194, 182), (186, 120, 187, 119), (116, 186, 117, 185), (225, 79, 226, 78), (147, 83, 148, 82), (220, 86, 221, 85), (143, 85, 144, 84), (218, 88, 219, 87), (139, 91, 140, 90), (214, 94, 215, 93), (137, 93, 138, 92), (211, 97, 212, 96), (133, 99, 134, 98), (208, 100, 209, 99), (130, 102, 131, 101), (126, 106, 127, 105), (203, 105, 204, 104), (124, 110, 125, 109), (201, 109, 202, 108), (121, 113, 122, 112), (198, 114, 199, 113), (41, 114, 42, 115), (71, 159, 72, 158), (70, 8, 71, 7), (77, 153, 78, 152), (73, 5, 74, 4), (80, 150, 81, 149), (107, 203, 108, 202), (48, 37, 49, 38), (49, 188, 50, 189), (110, 200, 111, 199), (5, 73, 6, 72), (1, 154, 2, 155), (204, 127, 205, 128), (100, 132, 101, 131), (9, 69, 10, 68), (6, 157, 7, 158), (76, 0, 77, 227), (160, 70, 161, 69), (144, 221, 145, 222), (86, 220, 87, 219), (217, 142, 218, 143), (89, 141, 90, 140), (128, 205, 129, 206), (97, 211, 98, 210), (106, 126, 107, 125), (197, 120, 198, 121), (102, 130, 103, 129), (111, 123, 112, 122), (19, 57, 20, 56), (95, 213, 96, 212), (134, 209, 135, 210), (170, 60, 171, 59), (123, 200, 124, 201), (103, 207, 104, 206), (88, 216, 89, 215), (141, 216, 142, 217), (222, 145, 223, 146), (83, 147, 84, 146), (62, 14, 63, 13), (63, 165, 64, 164), (94, 136, 95, 135), (207, 132, 208, 133), (28, 190, 29, 189), (29, 39, 30, 38), (81, 225, 82, 224), (148, 223, 149, 224), (17, 59, 18, 58), (21, 172, 22, 173), (91, 139, 92, 138), (213, 136, 214, 137), (166, 62, 167, 61), (169, 16, 170, 17), (43, 185, 44, 184), (39, 190, 40, 191), (26, 52, 27, 51), (44, 34, 45, 33), (177, 41, 178, 40), (178, 192, 179, 191), (30, 179, 31, 180), (47, 181, 48, 180), (156, 76, 157, 75), (155, 2, 156, 3), (52, 26, 53, 25), (12, 66, 13, 65), (15, 168, 16, 169), (10, 161, 11, 162), (67, 163, 68, 162), (24, 54, 25, 53), (159, 8, 160, 9), (66, 12, 67, 11), (163, 65, 164, 64), (165, 14, 166, 15), (173, 22, 174, 23), (55, 21, 56, 20), (175, 51, 176, 50), (176, 27, 177, 28), (23, 174, 24, 175), (54, 172, 55, 171), (226, 151, 227, 152), (3, 75, 4, 74), (181, 47, 182, 46), (183, 32, 184, 33), (150, 80, 151, 79), (153, 0, 154, 1)]"
K9_672,"[(82, 110, 83, 109), (107, 85, 108, 84), (35, 87, 36, 86), (50, 20, 51, 19), (8, 24, 9, 23), (6, 18, 7, 17), (2, 74, 3, 73), (22, 8, 23, 7), (20, 52, 21, 51), (21, 68, 22, 69), (72, 4, 73, 3), (67, 24, 68, 25), (106, 39, 107, 40), (69, 18, 70, 19), (52, 26, 53, 25), (85, 37, 86, 36), (104, 37, 105, 38), (70, 6, 71, 5), (48, 113, 49, 0), (64, 56, 65, 55), (9, 67, 10, 66), (56, 64, 57, 63), (110, 80, 111, 79), (92, 13, 93, 14), (91, 58, 92, 59), (98, 29, 99, 30), (30, 99, 31, 100), (100, 31, 101, 32), (34, 103, 35, 104), (38, 105, 39, 106), (40, 84, 41, 83), (10, 95, 11, 96), (53, 94, 54, 95), (61, 78, 62, 79), (16, 75, 17, 76), (11, 54, 12, 55), (14, 50, 15, 49), (59, 45, 60, 44), (41, 108, 42, 109), (97, 63, 98, 62), (65, 97, 66, 96), (4, 72, 5, 71), (43, 81, 44, 80), (47, 77, 48, 76), (26, 93, 27, 94), (27, 13, 28, 12), (28, 58, 29, 57), (77, 47, 78, 46), (112, 45, 113, 46), (87, 103, 88, 102), (88, 34, 89, 33), (32, 90, 33, 89), (101, 91, 102, 90), (81, 43, 82, 42), (74, 2, 75, 1), (60, 112, 61, 111), (15, 1, 16, 0)]"
K9_675,"[(32, 6, 33, 5), (23, 73, 24, 72), (28, 68, 29, 67), (31, 65, 32, 64), (22, 58, 23, 57), (30, 53, 31, 54), (24, 47, 25, 48), (20, 43, 21, 44), (75, 19, 76, 18), (42, 19, 43, 20), (78, 16, 79, 15), (39, 12, 40, 13), (80, 14, 81, 13), (56, 10, 57, 9), (66, 30, 67, 29), (71, 49, 72, 48), (65, 53, 66, 52), (73, 58, 74, 59), (62, 56, 63, 55), (60, 1, 61, 2), (17, 77, 18, 76), (45, 75, 46, 74), (8, 28, 9, 27), (6, 69, 7, 70), (7, 51, 8, 50), (77, 41, 78, 40), (16, 41, 17, 42), (70, 26, 71, 25), (2, 36, 3, 35), (11, 38, 12, 39), (4, 34, 5, 33), (61, 37, 62, 36), (46, 60, 47, 59), (54, 64, 55, 63), (49, 26, 50, 27), (34, 4, 35, 3), (10, 0, 11, 81), (51, 69, 52, 68), (44, 21, 45, 22), (14, 80, 15, 79), (37, 1, 38, 0)]"
K9_677,"[(25, 33, 26, 32), (28, 17, 29, 18), (1, 17, 2, 16), (15, 5, 16, 4), (14, 31, 15, 32), (10, 35, 11, 36), (11, 21, 12, 20), (36, 9, 37, 10), (30, 0, 31, 37), (33, 27, 34, 26), (6, 30, 7, 29), (2, 23, 3, 24), (24, 3, 25, 4), (34, 13, 35, 14), (21, 13, 22, 12), (19, 9, 20, 8), (22, 27, 23, 28), (7, 19, 8, 18), (5, 0, 6, 1)]"
K9_678,"[(11, 4, 12, 5), (28, 2, 29, 1), (18, 5, 19, 6), (7, 14, 8, 15), (13, 27, 14, 26), (27, 9, 28, 8), (3, 20, 4, 21), (29, 22, 30, 23), (12, 20, 13, 19), (21, 11, 22, 10), (24, 16, 25, 15), (6, 26, 7, 25), (31, 16, 0, 17), (2, 9, 3, 10), (17, 30, 18, 31), (23, 0, 24, 1)]"
K9_681,"[(13, 1, 14, 0), (28, 1, 29, 2), (2, 27, 3, 28), (26, 3, 27, 4), (4, 16, 5, 15), (16, 6, 17, 5), (6, 23, 7, 24), (7, 33, 8, 32), (21, 8, 22, 9), (9, 20, 10, 21), (19, 10, 20, 11), (11, 30, 12, 31), (35, 13, 0, 12), (25, 14, 26, 15), (17, 24, 18, 25), (31, 18, 32, 19), (22, 33, 23, 34), (34, 29, 35, 30)]"
K9_683,"[(27, 66, 28, 67), (107, 62, 108, 63), (63, 106, 64, 107), (105, 64, 106, 65), (102, 67, 103, 68), (42, 51, 43, 52), (36, 55, 37, 56), (31, 60, 32, 61), (10, 47, 11, 48), (8, 53, 9, 54), (1, 58, 2, 59), (85, 53, 86, 52), (49, 85, 50, 84), (44, 87, 45, 88), (69, 26, 70, 27), (12, 81, 13, 82), (80, 13, 81, 14), (68, 101, 69, 102), (72, 95, 73, 96), (39, 7, 40, 6), (48, 9, 49, 10), (82, 11, 83, 12), (97, 23, 98, 22), (94, 73, 95, 74), (56, 3, 57, 4), (32, 0, 33, 109), (35, 5, 36, 4), (90, 16, 91, 15), (89, 78, 90, 79), (88, 45, 89, 46), (93, 21, 94, 20), (50, 43, 51, 44), (7, 41, 8, 40), (86, 41, 87, 42), (14, 79, 15, 80), (17, 93, 18, 92), (5, 39, 6, 38), (54, 37, 55, 38), (74, 19, 75, 20), (76, 91, 77, 92), (77, 16, 78, 17), (57, 34, 58, 35), (2, 34, 3, 33), (61, 30, 62, 31), (100, 26, 101, 25), (108, 30, 109, 29), (21, 97, 22, 96), (18, 75, 19, 76), (65, 104, 66, 105), (28, 104, 29, 103), (98, 71, 99, 72), (83, 47, 84, 46), (24, 100, 25, 99), (23, 70, 24, 71), (59, 0, 60, 1)]"
K9_684,"[(49, 1, 50, 0), (16, 2, 17, 1), (2, 31, 3, 32), (3, 45, 4, 44), (43, 5, 44, 4), (32, 5, 33, 6), (6, 18, 7, 17), (7, 51, 8, 50), (8, 25, 9, 26), (52, 10, 53, 9), (23, 10, 24, 11), (11, 18, 12, 19), (12, 33, 13, 34), (42, 13, 43, 14), (14, 45, 15, 46), (15, 31, 16, 30), (34, 20, 35, 19), (55, 20, 56, 21), (21, 37, 22, 36), (22, 53, 23, 54), (51, 24, 52, 25), (37, 27, 38, 26), (27, 56, 28, 57), (28, 40, 29, 39), (29, 48, 30, 49), (54, 35, 55, 36), (38, 57, 39, 0), (40, 47, 41, 48), (46, 41, 47, 42)]"
K9_686,"[(13, 1, 14, 0), (1, 13, 2, 12), (33, 2, 34, 3), (3, 18, 4, 19), (4, 44, 5, 43), (42, 6, 43, 5), (19, 6, 20, 7), (7, 20, 8, 21), (8, 42, 9, 41), (22, 9, 23, 10), (10, 31, 11, 32), (38, 12, 39, 11), (14, 38, 15, 37), (15, 24, 16, 25), (45, 17, 46, 16), (28, 17, 29, 18), (21, 41, 22, 40), (23, 30, 24, 31), (36, 26, 37, 25), (47, 27, 0, 26), (27, 35, 28, 34), (29, 45, 30, 44), (39, 33, 40, 32), (46, 35, 47, 36)]"
K9_687,"[(11, 66, 12, 67), (91, 9, 92, 8), (5, 79, 6, 78), (40, 9, 41, 10), (6, 90, 7, 89), (7, 42, 8, 43), (70, 4, 71, 3), (36, 1, 37, 2), (90, 41, 91, 42), (44, 75, 45, 76), (73, 32, 74, 33), (59, 49, 60, 48), (18, 34, 19, 33), (26, 93, 27, 94), (94, 55, 95, 56), (87, 77, 88, 76), (58, 24, 59, 23), (60, 36, 61, 35), (63, 2, 64, 3), (95, 14, 0, 15), (38, 14, 39, 13), (25, 17, 26, 16), (67, 12, 68, 13), (79, 5, 80, 4), (86, 31, 87, 32), (83, 20, 84, 21), (92, 27, 93, 28), (34, 22, 35, 21), (19, 84, 20, 85), (17, 47, 18, 46), (10, 53, 11, 54), (24, 58, 25, 57), (39, 55, 40, 54), (28, 44, 29, 43), (29, 88, 30, 89), (30, 77, 31, 78), (81, 62, 82, 63), (15, 57, 16, 56), (72, 86, 73, 85), (74, 45, 75, 46), (61, 82, 62, 83), (64, 69, 65, 70), (80, 72, 81, 71), (52, 66, 53, 65), (47, 23, 48, 22), (50, 38, 51, 37), (51, 68, 52, 69), (49, 0, 50, 1)]"
K9_689,"[(137, 1, 138, 0), (120, 2, 121, 1), (117, 2, 118, 3), (78, 3, 79, 4), (21, 5, 22, 4), (5, 70, 6, 71), (6, 87, 7, 88), (7, 165, 8, 164), (8, 109, 9, 110), (9, 145, 10, 144), (107, 10, 108, 11), (150, 12, 151, 11), (167, 13, 168, 12), (13, 33, 14, 32), (14, 130, 15, 129), (62, 15, 63, 16), (45, 16, 46, 17), (134, 18, 135, 17), (37, 19, 38, 18), (19, 52, 20, 53), (79, 20, 80, 21), (22, 77, 23, 78), (23, 116, 24, 117), (121, 24, 122, 25), (25, 159, 26, 158), (26, 140, 27, 139), (27, 98, 28, 99), (153, 29, 154, 28), (170, 30, 171, 29), (103, 30, 104, 31), (128, 32, 129, 31), (66, 33, 67, 34), (49, 34, 50, 35), (84, 35, 85, 36), (36, 81, 37, 82), (38, 53, 39, 54), (39, 42, 40, 43), (119, 41, 120, 40), (41, 119, 42, 118), (43, 55, 44, 54), (135, 44, 136, 45), (63, 47, 64, 46), (47, 65, 48, 64), (48, 131, 49, 132), (50, 86, 51, 85), (80, 52, 81, 51), (136, 55, 137, 56), (173, 56, 0, 57), (156, 57, 157, 58), (99, 59, 100, 58), (59, 154, 60, 155), (60, 171, 61, 172), (61, 103, 62, 102), (65, 130, 66, 131), (148, 67, 149, 68), (68, 147, 69, 148), (69, 87, 70, 86), (162, 71, 163, 72), (111, 73, 112, 72), (92, 74, 93, 73), (74, 96, 75, 95), (75, 115, 76, 114), (76, 161, 77, 162), (133, 82, 134, 83), (83, 132, 84, 133), (163, 88, 164, 89), (110, 90, 111, 89), (143, 90, 144, 91), (91, 142, 92, 143), (93, 113, 94, 112), (113, 95, 114, 94), (123, 96, 124, 97), (140, 97, 141, 98), (100, 155, 101, 156), (101, 172, 102, 173), (104, 127, 105, 128), (168, 105, 169, 106), (151, 106, 152, 107), (108, 145, 109, 146), (115, 160, 116, 161), (122, 160, 123, 159), (124, 142, 125, 141), (152, 126, 153, 125), (169, 127, 170, 126), (138, 158, 139, 157), (165, 147, 166, 146), (149, 167, 150, 166)]"
K9_692,"[(10, 63, 11, 64), (17, 40, 18, 41), (64, 9, 65, 10), (44, 15, 45, 16), (76, 12, 77, 11), (8, 65, 9, 66), (7, 48, 8, 49), (6, 31, 7, 32), (5, 73, 6, 72), (69, 3, 70, 2), (86, 53, 87, 54), (37, 84, 38, 85), (20, 84, 21, 83), (75, 62, 76, 63), (74, 47, 75, 48), (73, 30, 74, 31), (46, 62, 47, 61), (16, 55, 17, 56), (42, 58, 43, 57), (66, 26, 67, 25), (88, 22, 89, 21), (39, 18, 40, 19), (60, 46, 61, 45), (54, 85, 55, 86), (59, 14, 60, 15), (1, 69, 2, 68), (32, 71, 33, 72), (49, 70, 50, 71), (24, 68, 25, 67), (28, 52, 29, 51), (27, 22, 28, 23), (19, 38, 20, 39), (52, 36, 53, 35), (87, 36, 88, 37), (29, 35, 30, 34), (78, 14, 79, 13), (81, 56, 82, 57), (82, 41, 83, 42), (58, 79, 59, 80), (12, 78, 13, 77), (43, 80, 44, 81), (26, 89, 27, 0), (33, 4, 34, 5), (50, 3, 51, 4), (23, 1, 24, 0)]"
K9_694,"[(33, 1, 34, 0), (1, 37, 2, 36), (2, 77, 3, 78), (3, 69, 4, 68), (61, 5, 62, 4), (82, 5, 83, 6), (71, 7, 72, 6), (7, 84, 8, 85), (85, 8, 86, 9), (9, 59, 10, 58), (57, 11, 58, 10), (11, 55, 12, 54), (12, 89, 13, 90), (90, 13, 91, 14), (53, 15, 54, 14), (15, 92, 16, 93), (16, 52, 17, 51), (50, 18, 51, 17), (18, 50, 19, 49), (48, 20, 49, 19), (93, 20, 94, 21), (21, 96, 22, 97), (22, 74, 23, 73), (98, 23, 99, 24), (24, 99, 25, 100), (25, 45, 26, 44), (41, 27, 42, 26), (102, 27, 103, 28), (28, 103, 29, 104), (29, 41, 30, 40), (75, 31, 76, 30), (31, 77, 32, 76), (32, 37, 33, 38), (65, 34, 66, 35), (35, 66, 36, 67), (38, 0, 39, 105), (104, 40, 105, 39), (42, 102, 43, 101), (100, 44, 101, 43), (45, 74, 46, 75), (46, 96, 47, 95), (94, 48, 95, 47), (52, 92, 53, 91), (88, 56, 89, 55), (56, 88, 57, 87), (86, 60, 87, 59), (69, 60, 70, 61), (62, 82, 63, 81), (80, 64, 81, 63), (64, 80, 65, 79), (78, 68, 79, 67), (70, 84, 71, 83), (97, 73, 98, 72)]"
K9_696,"[(35, 1, 36, 0), (1, 81, 2, 80), (83, 3, 84, 2), (18, 4, 19, 3), (4, 32, 5, 31), (50, 5, 51, 6), (73, 6, 74, 7), (7, 74, 8, 75), (8, 92, 9, 91), (9, 61, 10, 60), (25, 11, 26, 10), (11, 44, 12, 45), (12, 24, 13, 23), (40, 13, 41, 14), (63, 15, 64, 14), (52, 16, 53, 15), (93, 17, 94, 16), (17, 32, 18, 33), (84, 19, 85, 20), (20, 70, 21, 69), (78, 22, 79, 21), (55, 22, 56, 23), (24, 44, 25, 43), (26, 59, 27, 60), (27, 90, 28, 91), (28, 76, 29, 75), (72, 30, 73, 29), (49, 31, 50, 30), (82, 33, 83, 34), (34, 81, 35, 82), (97, 37, 0, 36), (37, 67, 38, 66), (38, 96, 39, 95), (39, 55, 40, 54), (62, 42, 63, 41), (42, 62, 43, 61), (88, 46, 89, 45), (57, 47, 58, 46), (76, 47, 77, 48), (48, 71, 49, 72), (92, 51, 93, 52), (64, 53, 65, 54), (56, 87, 57, 88), (89, 58, 90, 59), (65, 94, 66, 95), (96, 67, 97, 68), (68, 80, 69, 79), (85, 71, 86, 70), (77, 87, 78, 86)]"
K9_700,"[(15, 1, 16, 0), (1, 15, 2, 14), (13, 3, 14, 2), (3, 13, 4, 12), (71, 4, 72, 5), (68, 6, 69, 5), (6, 73, 7, 74), (76, 7, 77, 8), (37, 9, 38, 8), (9, 41, 10, 40), (10, 70, 11, 69), (70, 12, 71, 11), (16, 41, 17, 42), (100, 18, 101, 17), (43, 18, 44, 19), (19, 46, 20, 47), (47, 20, 48, 21), (21, 97, 22, 96), (22, 49, 23, 50), (92, 24, 93, 23), (24, 92, 25, 91), (54, 25, 55, 26), (89, 27, 90, 26), (27, 89, 28, 88), (28, 55, 29, 56), (56, 29, 57, 30), (87, 31, 88, 30), (31, 87, 32, 86), (32, 57, 33, 58), (60, 33, 61, 34), (83, 35, 84, 34), (35, 81, 36, 80), (36, 63, 37, 64), (75, 39, 76, 38), (39, 75, 40, 74), (101, 43, 0, 42), (44, 100, 45, 99), (98, 46, 99, 45), (48, 98, 49, 97), (95, 51, 96, 50), (51, 95, 52, 94), (93, 53, 94, 52), (53, 91, 54, 90), (85, 59, 86, 58), (59, 85, 60, 84), (82, 62, 83, 61), (62, 82, 63, 81), (79, 65, 80, 64), (65, 79, 66, 78), (77, 67, 78, 66), (67, 73, 68, 72)]"
K9_701,"[(151, 101, 152, 100), (252, 101, 253, 102), (39, 102, 40, 103), (104, 251, 105, 252), (103, 38, 104, 39), (83, 112, 84, 113), (159, 109, 160, 108), (114, 25, 115, 26), (113, 78, 114, 79), (150, 253, 151, 254), (146, 43, 147, 44), (156, 247, 157, 248), (157, 34, 158, 35), (85, 162, 86, 163), (164, 23, 165, 24), (165, 76, 166, 77), (74, 167, 75, 168), (225, 182, 226, 183), (200, 41, 201, 42), (89, 204, 90, 205), (240, 80, 241, 79), (239, 27, 240, 26), (82, 242, 83, 241), (246, 34, 247, 33), (36, 250, 37, 249), (77, 25, 78, 24), (27, 81, 28, 80), (81, 29, 82, 28), (179, 226, 180, 227), (180, 128, 181, 127), (171, 68, 172, 69), (174, 17, 175, 18), (172, 233, 173, 234), (170, 120, 171, 119), (168, 73, 169, 74), (214, 50, 215, 49), (107, 88, 108, 89), (245, 87, 246, 86), (31, 85, 32, 84), (158, 87, 159, 88), (183, 224, 184, 225), (4, 222, 5, 221), (55, 221, 56, 220), (124, 178, 125, 177), (120, 67, 121, 68), (121, 16, 122, 17), (116, 237, 117, 238), (248, 155, 249, 156), (105, 153, 106, 152), (35, 154, 36, 155), (234, 117, 235, 118), (232, 173, 233, 174), (231, 19, 232, 18), (235, 71, 236, 70), (29, 243, 30, 242), (66, 123, 67, 124), (64, 175, 65, 176), (63, 231, 64, 230), (30, 111, 31, 112), (243, 110, 244, 111), (15, 122, 16, 123), (13, 176, 14, 177), (12, 230, 13, 229), (32, 163, 33, 164), (244, 161, 245, 162), (109, 161, 110, 160), (72, 169, 73, 170), (69, 118, 70, 119), (71, 237, 72, 236), (65, 15, 66, 14), (209, 144, 210, 145), (202, 255, 203, 256), (203, 206, 204, 207), (208, 258, 209, 257), (207, 194, 208, 195), (42, 197, 43, 198), (147, 197, 148, 196), (256, 195, 257, 196), (137, 193, 138, 192), (223, 186, 224, 187), (58, 185, 59, 186), (6, 187, 7, 188), (128, 182, 129, 181), (125, 228, 126, 229), (191, 216, 192, 217), (136, 213, 137, 214), (258, 212, 259, 211), (143, 210, 144, 211), (50, 216, 51, 215), (99, 254, 100, 255), (97, 40, 98, 41), (11, 63, 12, 62), (184, 59, 185, 60), (129, 60, 130, 61), (222, 58, 223, 57), (5, 57, 6, 56), (22, 76, 23, 75), (21, 166, 22, 167), (20, 115, 21, 116), (19, 239, 20, 238), (153, 93, 154, 92), (106, 92, 107, 91), (37, 94, 38, 95), (205, 90, 206, 91), (250, 93, 251, 94), (199, 97, 200, 96), (201, 149, 202, 148), (189, 52, 190, 53), (219, 55, 220, 54), (134, 47, 135, 48), (261, 49, 0, 48), (142, 45, 143, 46), (98, 150, 99, 149), (95, 199, 96, 198), (53, 132, 54, 133), (218, 131, 219, 132), (188, 134, 189, 133), (3, 130, 4, 131), (126, 9, 127, 10), (178, 7, 179, 8), (227, 9, 228, 8), (61, 11, 62, 10), (44, 145, 45, 146), (259, 140, 260, 141), (46, 141, 47, 142), (212, 139, 213, 140), (193, 139, 194, 138), (190, 1, 191, 2), (135, 260, 136, 261), (217, 3, 218, 2), (51, 1, 52, 0)]"
K9_702,"[(11, 105, 12, 104), (13, 109, 14, 108), (44, 109, 45, 110), (83, 100, 84, 101), (92, 117, 93, 118), (111, 70, 112, 71), (113, 17, 114, 16), (120, 37, 121, 38), (114, 39, 115, 40), (121, 66, 0, 67), (118, 91, 119, 92), (2, 100, 3, 99), (8, 49, 9, 50), (9, 76, 10, 77), (19, 36, 20, 37), (20, 65, 21, 66), (85, 28, 86, 29), (95, 27, 96, 26), (42, 72, 43, 71), (90, 32, 91, 31), (46, 105, 47, 106), (56, 97, 57, 98), (94, 59, 95, 60), (81, 55, 82, 54), (57, 85, 58, 84), (89, 61, 90, 60), (48, 76, 49, 75), (4, 79, 5, 80), (53, 81, 54, 80), (96, 87, 97, 88), (77, 51, 78, 50), (102, 47, 103, 48), (5, 52, 6, 53), (30, 94, 31, 93), (51, 6, 52, 7), (103, 11, 104, 10), (78, 7, 79, 8), (69, 112, 70, 113), (63, 35, 64, 34), (62, 21, 63, 22), (67, 41, 68, 40), (101, 74, 102, 75), (38, 115, 39, 116), (33, 22, 34, 23), (35, 65, 36, 64), (106, 45, 107, 46), (24, 61, 25, 62), (23, 32, 24, 33), (17, 117, 18, 116), (41, 14, 42, 15), (88, 25, 89, 26), (68, 15, 69, 16), (107, 13, 108, 12), (27, 86, 28, 87), (119, 19, 120, 18), (58, 29, 59, 30), (72, 44, 73, 43), (73, 110, 74, 111), (82, 3, 83, 4), (98, 2, 99, 1), (55, 0, 56, 1)]"
K9_703,"[(174, 146, 175, 145), (96, 165, 97, 166), (29, 164, 30, 165), (157, 101, 158, 100), (156, 34, 157, 33), (161, 26, 162, 27), (84, 151, 85, 152), (32, 99, 33, 100), (98, 31, 99, 32), (170, 148, 171, 147), (135, 189, 136, 188), (130, 192, 131, 191), (131, 64, 132, 65), (126, 61, 127, 62), (124, 57, 125, 58), (127, 195, 128, 194), (120, 51, 121, 52), (121, 7, 122, 6), (116, 49, 117, 50), (117, 9, 118, 8), (112, 45, 113, 46), (113, 13, 114, 12), (109, 42, 110, 43), (107, 17, 108, 16), (101, 34, 102, 35), (104, 22, 105, 21), (105, 161, 106, 160), (102, 26, 103, 25), (192, 130, 193, 129), (195, 61, 0, 60), (189, 67, 190, 66), (185, 71, 186, 70), (163, 89, 164, 88), (28, 88, 29, 87), (94, 86, 95, 85), (153, 86, 154, 87), (169, 81, 170, 80), (173, 79, 174, 78), (37, 21, 38, 20), (39, 159, 40, 158), (35, 25, 36, 24), (79, 173, 80, 172), (146, 172, 147, 171), (190, 134, 191, 133), (150, 83, 151, 84), (62, 194, 63, 193), (58, 125, 59, 126), (144, 176, 145, 175), (68, 188, 69, 187), (63, 128, 64, 129), (139, 72, 140, 73), (90, 98, 91, 97), (89, 31, 90, 30), (82, 94, 83, 93), (148, 92, 149, 91), (167, 92, 168, 93), (186, 138, 187, 137), (65, 132, 66, 133), (141, 181, 142, 180), (17, 107, 18, 106), (19, 39, 20, 38), (27, 155, 28, 154), (162, 156, 163, 155), (95, 153, 96, 152), (40, 16, 41, 15), (41, 108, 42, 109), (134, 67, 135, 68), (22, 104, 23, 103), (23, 37, 24, 36), (18, 159, 19, 160), (71, 185, 72, 184), (138, 184, 139, 183), (4, 54, 5, 53), (7, 119, 8, 118), (81, 169, 82, 168), (149, 167, 150, 166), (76, 178, 77, 177), (77, 142, 78, 143), (47, 11, 48, 10), (43, 110, 44, 111), (181, 141, 182, 140), (182, 74, 183, 73), (74, 180, 75, 179), (69, 136, 70, 137), (2, 56, 3, 55), (1, 123, 2, 122), (52, 6, 53, 5), (46, 115, 47, 116), (50, 119, 51, 120), (54, 4, 55, 3), (176, 144, 177, 143), (178, 76, 179, 75), (11, 115, 12, 114), (9, 49, 10, 48), (14, 112, 15, 111), (13, 45, 14, 44), (56, 123, 57, 124), (59, 1, 60, 0)]"
K9_704,"[(1, 59, 2, 58), (2, 29, 3, 30), (35, 50, 36, 51), (56, 33, 57, 34), (31, 17, 32, 16), (54, 19, 55, 20), (18, 55, 19, 56), (15, 31, 16, 30), (46, 25, 47, 26), (3, 14, 4, 15), (9, 27, 10, 26), (20, 53, 21, 54), (17, 35, 18, 34), (36, 24, 37, 23), (52, 21, 53, 22), (48, 39, 49, 40), (7, 40, 8, 41), (6, 48, 7, 47), (32, 57, 33, 58), (11, 44, 12, 45), (60, 44, 61, 43), (27, 42, 28, 43), (59, 12, 60, 13), (41, 8, 42, 9), (28, 14, 29, 13), (49, 5, 50, 4), (38, 5, 39, 6), (24, 38, 25, 37), (22, 51, 23, 52), (10, 61, 11, 0), (45, 1, 46, 0)]"
K9_707,"[(28, 52, 29, 51), (16, 56, 17, 55), (58, 77, 59, 78), (61, 56, 62, 57), (41, 53, 42, 52), (50, 22, 51, 21), (53, 68, 54, 69), (45, 80, 46, 81), (38, 97, 39, 98), (42, 69, 43, 70), (39, 25, 40, 24), (31, 70, 32, 71), (26, 95, 27, 96), (29, 84, 30, 85), (96, 25, 97, 26), (72, 19, 73, 20), (11, 94, 12, 95), (18, 81, 19, 82), (76, 3, 77, 4), (93, 67, 94, 66), (88, 76, 89, 75), (65, 93, 66, 92), (74, 88, 75, 87), (60, 80, 61, 79), (37, 11, 38, 10), (98, 9, 99, 10), (49, 7, 50, 6), (64, 13, 65, 14), (23, 9, 24, 8), (89, 4, 90, 5), (82, 72, 83, 71), (85, 20, 86, 21), (27, 41, 28, 40), (73, 46, 74, 47), (86, 47, 87, 48), (17, 45, 18, 44), (7, 23, 8, 22), (5, 49, 6, 48), (12, 67, 13, 68), (43, 33, 44, 32), (63, 34, 64, 35), (91, 36, 92, 37), (54, 34, 55, 33), (83, 30, 84, 31), (14, 36, 15, 35), (15, 62, 16, 63), (2, 59, 3, 60), (78, 2, 79, 1), (90, 0, 91, 99), (57, 0, 58, 1)]"
K9_709,"[(32, 17, 33, 18), (22, 61, 23, 62), (19, 64, 20, 65), (60, 11, 61, 12), (23, 11, 24, 10), (62, 21, 63, 22), (59, 24, 60, 25), (25, 58, 26, 59), (2, 49, 3, 50), (15, 49, 16, 48), (41, 53, 42, 52), (40, 31, 41, 32), (37, 12, 38, 13), (56, 27, 57, 28), (3, 35, 4, 34), (14, 35, 15, 36), (29, 44, 30, 45), (54, 44, 55, 43), (9, 31, 10, 30), (7, 42, 8, 43), (8, 53, 9, 54), (50, 1, 51, 2), (13, 4, 14, 5), (20, 39, 21, 40), (63, 39, 64, 38), (36, 6, 37, 5), (28, 55, 29, 56), (65, 18, 0, 19), (51, 17, 52, 16), (47, 6, 48, 7), (46, 58, 47, 57), (45, 26, 46, 27), (33, 1, 34, 0)]"
K9_712,"[(61, 1, 62, 0), (1, 18, 2, 19), (2, 64, 3, 63), (16, 3, 17, 4), (27, 4, 28, 5), (44, 5, 45, 6), (6, 54, 7, 53), (68, 8, 69, 7), (8, 41, 9, 42), (9, 71, 10, 70), (39, 10, 40, 11), (72, 12, 73, 11), (12, 35, 13, 36), (13, 77, 14, 76), (14, 25, 15, 26), (50, 16, 51, 15), (17, 64, 18, 65), (62, 19, 63, 20), (20, 79, 21, 80), (21, 49, 22, 48), (22, 34, 23, 33), (34, 24, 35, 23), (77, 24, 78, 25), (26, 51, 27, 52), (28, 65, 29, 66), (60, 29, 61, 30), (30, 59, 31, 60), (31, 47, 32, 46), (55, 32, 56, 33), (75, 36, 76, 37), (37, 74, 38, 75), (73, 38, 74, 39), (40, 71, 41, 72), (69, 42, 70, 43), (43, 52, 44, 53), (45, 66, 46, 67), (56, 47, 57, 48), (78, 49, 79, 50), (67, 55, 68, 54), (57, 81, 58, 80), (81, 59, 0, 58)]"
K9_717,"[(25, 6, 26, 7), (28, 12, 29, 11), (52, 15, 53, 16), (1, 16, 2, 17), (19, 48, 20, 49), (13, 33, 14, 32), (22, 40, 23, 39), (18, 59, 19, 60), (30, 55, 31, 56), (29, 4, 30, 5), (2, 33, 3, 34), (63, 36, 0, 37), (37, 60, 38, 61), (62, 52, 63, 51), (45, 40, 46, 41), (50, 62, 51, 61), (54, 31, 55, 32), (14, 53, 15, 54), (8, 44, 9, 43), (12, 3, 13, 4), (21, 46, 22, 47), (7, 24, 8, 25), (47, 20, 48, 21), (42, 10, 43, 9), (5, 26, 6, 27), (10, 28, 11, 27), (56, 23, 57, 24), (57, 45, 58, 44), (58, 41, 59, 42), (38, 49, 39, 50), (34, 18, 35, 17), (35, 0, 36, 1)]"
K9_719,"[(40, 8, 41, 7), (181, 61, 182, 60), (48, 158, 49, 157), (151, 53, 152, 52), (145, 57, 146, 56), (124, 53, 125, 54), (49, 118, 50, 119), (96, 59, 97, 60), (92, 51, 93, 52), (41, 78, 42, 79), (35, 15, 36, 14), (42, 166, 43, 165), (39, 112, 40, 113), (34, 71, 35, 72), (28, 134, 29, 133), (27, 174, 28, 175), (167, 10, 168, 11), (108, 16, 109, 15), (72, 14, 73, 13), (188, 155, 189, 156), (154, 187, 155, 188), (189, 121, 0, 120), (156, 120, 157, 119), (12, 74, 13, 73), (9, 111, 10, 110), (6, 163, 7, 164), (11, 37, 12, 36), (5, 81, 6, 80), (129, 104, 130, 105), (177, 101, 178, 100), (62, 97, 63, 98), (144, 94, 145, 93), (77, 9, 78, 8), (75, 38, 76, 39), (79, 165, 80, 164), (76, 111, 77, 112), (121, 187, 122, 186), (147, 184, 148, 185), (99, 179, 100, 178), (61, 181, 62, 180), (162, 82, 163, 81), (160, 46, 161, 45), (161, 2, 162, 3), (139, 22, 140, 23), (101, 25, 102, 24), (176, 25, 177, 26), (63, 27, 64, 26), (130, 22, 131, 21), (4, 44, 5, 43), (94, 144, 95, 143), (182, 141, 183, 142), (57, 143, 58, 142), (131, 139, 132, 138), (20, 137, 21, 138), (169, 75, 170, 74), (168, 38, 169, 37), (166, 110, 167, 109), (50, 87, 51, 88), (153, 89, 154, 88), (116, 160, 117, 159), (115, 46, 116, 47), (113, 82, 114, 83), (32, 172, 33, 171), (105, 68, 106, 69), (107, 173, 108, 172), (106, 31, 107, 32), (58, 95, 59, 96), (122, 89, 123, 90), (179, 99, 180, 98), (85, 159, 86, 158), (84, 47, 85, 48), (86, 117, 87, 118), (132, 65, 133, 66), (175, 65, 176, 64), (69, 171, 70, 170), (70, 33, 71, 34), (146, 128, 147, 127), (54, 125, 55, 126), (90, 123, 91, 124), (183, 129, 184, 128), (17, 31, 18, 30), (23, 103, 24, 102), (18, 68, 19, 67), (16, 173, 17, 174), (91, 153, 92, 152), (55, 151, 56, 150), (185, 148, 186, 149), (126, 150, 127, 149), (134, 30, 135, 29), (140, 104, 141, 103), (135, 67, 136, 66), (136, 19, 137, 20), (44, 4, 45, 3), (114, 2, 115, 1), (83, 1, 84, 0)]"
K9_720,"[(13, 1, 14, 0), (1, 17, 2, 16), (2, 69, 3, 70), (3, 35, 4, 34), (33, 5, 34, 4), (70, 5, 71, 6), (6, 51, 7, 52), (46, 7, 47, 8), (27, 8, 28, 9), (76, 10, 77, 9), (10, 41, 11, 42), (11, 20, 12, 21), (12, 64, 13, 63), (53, 15, 54, 14), (15, 53, 16, 52), (66, 18, 67, 17), (37, 18, 38, 19), (19, 40, 20, 41), (42, 21, 43, 22), (22, 62, 23, 61), (60, 24, 61, 23), (24, 78, 25, 77), (25, 57, 26, 56), (55, 27, 56, 26), (75, 29, 76, 28), (29, 48, 30, 49), (30, 74, 31, 73), (50, 31, 51, 32), (71, 33, 72, 32), (35, 69, 36, 68), (67, 37, 68, 36), (38, 66, 39, 65), (64, 40, 65, 39), (43, 63, 44, 62), (44, 0, 45, 81), (54, 46, 55, 45), (74, 48, 75, 47), (49, 73, 50, 72), (57, 78, 58, 79), (79, 58, 80, 59), (59, 80, 60, 81)]"
K9_722,"[(13, 1, 14, 0), (74, 1, 75, 2), (2, 29, 3, 30), (3, 72, 4, 73), (4, 18, 5, 17), (5, 44, 6, 45), (6, 59, 7, 60), (22, 8, 23, 7), (79, 9, 80, 8), (9, 25, 10, 24), (51, 10, 52, 11), (11, 37, 12, 36), (63, 12, 64, 13), (14, 31, 15, 32), (15, 46, 16, 47), (45, 16, 46, 17), (18, 43, 19, 44), (70, 19, 71, 20), (20, 69, 21, 70), (21, 58, 22, 59), (80, 24, 81, 23), (56, 25, 57, 26), (67, 26, 68, 27), (40, 27, 41, 28), (28, 76, 29, 75), (73, 31, 74, 30), (61, 33, 62, 32), (33, 82, 34, 83), (49, 35, 50, 34), (35, 51, 36, 50), (52, 38, 53, 37), (38, 66, 39, 65), (39, 55, 40, 54), (76, 41, 77, 42), (71, 43, 72, 42), (60, 48, 61, 47), (48, 81, 49, 82), (53, 65, 54, 64), (66, 56, 67, 55), (78, 57, 79, 58), (62, 83, 63, 0), (77, 68, 78, 69)]"
K9_724,"[(14, 30, 15, 29), (64, 11, 65, 12), (49, 13, 50, 12), (45, 17, 46, 16), (35, 9, 36, 8), (55, 7, 56, 6), (39, 5, 40, 4), (22, 8, 23, 7), (65, 33, 66, 32), (59, 20, 60, 21), (47, 30, 48, 31), (23, 36, 24, 37), (31, 61, 32, 60), (26, 43, 27, 44), (48, 62, 49, 61), (41, 24, 42, 25), (21, 54, 22, 55), (40, 57, 41, 58), (28, 18, 29, 17), (10, 52, 11, 51), (3, 59, 4, 58), (2, 26, 3, 25), (1, 43, 2, 42), (56, 37, 57, 38), (5, 39, 6, 38), (13, 62, 14, 63), (18, 28, 19, 27), (19, 45, 20, 44), (63, 51, 64, 50), (15, 47, 16, 46), (33, 52, 34, 53), (53, 67, 54, 66), (34, 0, 35, 67), (9, 0, 10, 1)]"
K9_725,"[(1, 9, 2, 8), (14, 11, 15, 12), (3, 18, 4, 19), (5, 16, 6, 17), (12, 0, 13, 21), (20, 14, 21, 13), (9, 3, 10, 2), (15, 6, 16, 7), (17, 4, 18, 5), (10, 19, 11, 20), (7, 1, 8, 0)]"
K9_727,"[(23, 1, 24, 0), (1, 25, 2, 24), (25, 3, 26, 2), (3, 27, 4, 26), (27, 5, 28, 4), (5, 46, 6, 47), (6, 30, 7, 29), (44, 7, 45, 8), (8, 43, 9, 44), (42, 9, 43, 10), (10, 41, 11, 42), (32, 12, 33, 11), (12, 61, 13, 62), (13, 35, 14, 34), (59, 14, 60, 15), (15, 58, 16, 59), (57, 16, 58, 17), (17, 56, 18, 57), (55, 18, 56, 19), (36, 20, 37, 19), (39, 20, 40, 21), (21, 50, 22, 51), (49, 22, 50, 23), (28, 47, 29, 48), (45, 30, 46, 31), (31, 40, 32, 41), (33, 62, 34, 63), (60, 35, 61, 36), (66, 38, 67, 37), (38, 66, 39, 65), (48, 71, 49, 0), (70, 51, 71, 52), (63, 53, 64, 52), (53, 68, 54, 69), (67, 54, 68, 55), (64, 69, 65, 70)]"
K9_736,"[(21, 58, 22, 59), (59, 157, 60, 156), (15, 32, 16, 33), (37, 155, 38, 154), (22, 158, 23, 157), (18, 98, 19, 97), (177, 159, 178, 158), (134, 159, 135, 160), (38, 94, 39, 93), (39, 60, 40, 61), (40, 132, 41, 131), (52, 167, 53, 168), (109, 130, 110, 131), (104, 28, 105, 27), (107, 43, 108, 42), (110, 62, 111, 61), (111, 92, 112, 93), (112, 153, 113, 154), (45, 147, 46, 146), (82, 138, 83, 137), (78, 35, 79, 36), (80, 96, 81, 95), (83, 163, 84, 162), (179, 133, 0, 132), (4, 43, 5, 44), (3, 149, 4, 148), (7, 166, 8, 167), (16, 75, 17, 76), (171, 72, 172, 73), (141, 75, 142, 74), (50, 67, 51, 68), (100, 74, 101, 73), (33, 76, 34, 77), (68, 124, 69, 123), (66, 49, 67, 50), (64, 144, 65, 143), (71, 170, 72, 171), (70, 11, 71, 12), (168, 9, 169, 10), (142, 14, 143, 13), (53, 8, 54, 9), (101, 13, 102, 12), (31, 14, 32, 15), (81, 20, 82, 21), (125, 49, 126, 48), (120, 170, 121, 169), (127, 144, 128, 145), (121, 11, 122, 10), (122, 70, 123, 69), (17, 117, 18, 116), (79, 115, 80, 114), (140, 117, 141, 118), (36, 114, 37, 113), (99, 118, 100, 119), (172, 120, 173, 119), (51, 125, 52, 124), (87, 96, 88, 97), (89, 35, 90, 34), (85, 138, 86, 139), (88, 115, 89, 116), (86, 20, 87, 19), (90, 78, 91, 77), (126, 103, 127, 104), (46, 106, 47, 105), (65, 103, 66, 102), (5, 107, 6, 106), (6, 25, 7, 26), (47, 26, 48, 27), (63, 30, 64, 31), (128, 30, 129, 29), (139, 98, 140, 99), (149, 3, 150, 2), (147, 45, 148, 44), (151, 63, 152, 62), (145, 29, 146, 28), (150, 129, 151, 130), (152, 91, 153, 92), (163, 85, 164, 84), (164, 55, 165, 56), (161, 57, 162, 56), (136, 58, 137, 57), (173, 54, 174, 55), (24, 134, 25, 133), (165, 174, 166, 175), (160, 176, 161, 175), (135, 177, 136, 176), (94, 155, 95, 156), (108, 2, 109, 1), (23, 178, 24, 179), (41, 0, 42, 1)]"
K9_738,"[(129, 64, 130, 65), (105, 126, 106, 127), (101, 130, 102, 131), (82, 131, 83, 0), (66, 127, 67, 128), (109, 120, 110, 121), (44, 122, 45, 121), (91, 117, 92, 116), (49, 119, 50, 118), (114, 13, 115, 14), (10, 115, 11, 116), (112, 88, 113, 87), (113, 40, 114, 41), (46, 107, 47, 108), (102, 64, 103, 63), (97, 26, 98, 27), (96, 60, 97, 59), (88, 39, 89, 40), (89, 12, 90, 13), (11, 90, 12, 91), (50, 94, 51, 93), (42, 85, 43, 86), (83, 63, 84, 62), (57, 28, 58, 29), (52, 35, 53, 36), (53, 8, 54, 9), (3, 54, 4, 55), (34, 8, 35, 7), (6, 34, 7, 33), (4, 32, 5, 31), (124, 67, 125, 68), (108, 72, 109, 71), (45, 70, 46, 71), (32, 6, 33, 5), (37, 92, 38, 93), (29, 56, 30, 57), (38, 117, 39, 118), (110, 17, 111, 18), (43, 19, 44, 18), (84, 23, 85, 24), (123, 23, 124, 22), (119, 49, 120, 48), (24, 2, 25, 1), (25, 98, 26, 99), (27, 58, 28, 59), (2, 77, 3, 78), (30, 79, 31, 80), (95, 81, 96, 80), (55, 79, 56, 78), (68, 21, 69, 22), (72, 47, 73, 48), (74, 52, 75, 51), (75, 36, 76, 37), (73, 95, 74, 94), (76, 9, 77, 10), (125, 106, 126, 107), (65, 105, 66, 104), (16, 111, 17, 112), (14, 42, 15, 41), (15, 86, 16, 87), (19, 123, 20, 122), (20, 69, 21, 70), (128, 103, 129, 104), (81, 101, 82, 100), (60, 100, 61, 99), (61, 0, 62, 1)]"
K9_740,"[(1, 16, 2, 17), (6, 14, 7, 13), (19, 12, 0, 13), (11, 18, 12, 19), (8, 4, 9, 3), (10, 8, 11, 7), (17, 2, 18, 3), (4, 10, 5, 9), (14, 6, 15, 5), (15, 0, 16, 1)]"
K9_741,"[(13, 1, 14, 0), (1, 11, 2, 10), (9, 3, 10, 2), (3, 30, 4, 31), (41, 5, 42, 4), (24, 5, 25, 6), (61, 7, 62, 6), (7, 35, 8, 34), (8, 56, 9, 55), (54, 12, 55, 11), (12, 54, 13, 53), (71, 15, 0, 14), (52, 16, 53, 15), (16, 52, 17, 51), (17, 71, 18, 70), (31, 19, 32, 18), (46, 20, 47, 19), (20, 46, 21, 45), (64, 22, 65, 21), (22, 64, 23, 63), (42, 24, 43, 23), (25, 41, 26, 40), (57, 27, 58, 26), (36, 28, 37, 27), (28, 36, 29, 35), (29, 57, 30, 56), (32, 47, 33, 48), (33, 66, 34, 67), (58, 37, 59, 38), (38, 59, 39, 60), (60, 39, 61, 40), (43, 62, 44, 63), (65, 44, 66, 45), (48, 67, 49, 68), (68, 49, 69, 50), (50, 69, 51, 70)]"
K9_743,"[(47, 1, 48, 0), (20, 2, 21, 1), (2, 46, 3, 45), (3, 19, 4, 18), (73, 4, 74, 5), (42, 6, 43, 5), (15, 7, 16, 6), (7, 70, 8, 71), (77, 8, 78, 9), (9, 63, 10, 62), (10, 32, 11, 31), (11, 84, 12, 85), (67, 13, 68, 12), (13, 40, 14, 41), (14, 70, 15, 69), (71, 17, 72, 16), (44, 17, 45, 18), (19, 46, 20, 47), (52, 21, 53, 22), (22, 76, 23, 75), (23, 54, 24, 55), (91, 25, 92, 24), (56, 25, 57, 26), (26, 57, 27, 58), (58, 27, 59, 28), (28, 90, 29, 89), (88, 30, 89, 29), (30, 86, 31, 85), (83, 33, 84, 32), (33, 64, 34, 65), (34, 82, 35, 81), (80, 36, 81, 35), (65, 36, 66, 37), (37, 66, 38, 67), (38, 80, 39, 79), (78, 40, 79, 39), (41, 69, 42, 68), (72, 44, 73, 43), (97, 49, 0, 48), (49, 97, 50, 96), (95, 51, 96, 50), (51, 95, 52, 94), (53, 77, 54, 76), (92, 56, 93, 55), (59, 91, 60, 90), (87, 61, 88, 60), (61, 87, 62, 86), (82, 64, 83, 63), (93, 74, 94, 75)]"
K9_744,"[(13, 1, 14, 0), (28, 1, 29, 2), (43, 2, 44, 3), (3, 26, 4, 27), (4, 49, 5, 50), (5, 35, 6, 34), (37, 7, 38, 6), (46, 7, 47, 8), (8, 45, 9, 46), (9, 39, 10, 38), (39, 11, 40, 10), (20, 11, 21, 12), (12, 29, 13, 30), (53, 15, 0, 14), (30, 15, 31, 16), (16, 31, 17, 32), (17, 53, 18, 52), (51, 19, 52, 18), (32, 19, 33, 20), (21, 45, 22, 44), (47, 23, 48, 22), (36, 23, 37, 24), (24, 35, 25, 36), (25, 49, 26, 48), (42, 28, 43, 27), (33, 41, 34, 40), (50, 41, 51, 42)]"
K9_746,"[(14, 61, 15, 62), (13, 85, 14, 84), (57, 16, 58, 17), (88, 16, 89, 15), (17, 54, 18, 55), (18, 92, 19, 91), (53, 20, 54, 21), (92, 20, 93, 19), (22, 49, 23, 50), (21, 97, 22, 96), (48, 23, 49, 24), (97, 25, 0, 24), (75, 34, 76, 35), (52, 93, 53, 94), (90, 55, 91, 56), (56, 89, 57, 90), (87, 58, 88, 59), (59, 86, 60, 87), (85, 60, 86, 61), (63, 82, 64, 83), (81, 64, 82, 65), (65, 80, 66, 81), (79, 66, 80, 67), (94, 51, 95, 52), (70, 40, 71, 39), (33, 40, 34, 41), (37, 12, 38, 13), (35, 63, 36, 62), (36, 83, 37, 84), (29, 74, 30, 75), (8, 69, 9, 70), (9, 77, 10, 76), (5, 72, 6, 73), (7, 38, 8, 39), (44, 74, 45, 73), (28, 45, 29, 46), (78, 12, 79, 11), (67, 10, 68, 11), (2, 47, 3, 48), (41, 32, 42, 33), (31, 42, 32, 43), (43, 30, 44, 31), (1, 27, 2, 26), (71, 6, 72, 7), (68, 77, 69, 78), (46, 3, 47, 4), (27, 5, 28, 4), (50, 95, 51, 96), (25, 1, 26, 0)]"
K9_754,"[(13, 1, 14, 0), (34, 2, 35, 1), (2, 12, 3, 11), (3, 23, 4, 22), (4, 32, 5, 31), (38, 5, 39, 6), (19, 7, 20, 6), (28, 8, 29, 7), (8, 28, 9, 27), (26, 10, 27, 9), (10, 35, 11, 36), (33, 12, 34, 13), (43, 15, 0, 14), (24, 15, 25, 16), (16, 42, 17, 41), (40, 18, 41, 17), (18, 40, 19, 39), (20, 29, 21, 30), (36, 22, 37, 21), (32, 23, 33, 24), (25, 43, 26, 42), (37, 31, 38, 30)]"
K9_757,"[(81, 3, 82, 2), (7, 32, 8, 33), (11, 36, 12, 37), (4, 80, 5, 79), (17, 40, 18, 41), (44, 21, 45, 22), (67, 17, 68, 16), (69, 15, 70, 14), (13, 71, 14, 70), (48, 25, 49, 26), (50, 27, 51, 28), (59, 23, 60, 22), (66, 40, 67, 39), (51, 57, 52, 56), (54, 4, 55, 3), (53, 80, 54, 81), (1, 83, 2, 82), (89, 53, 0, 52), (76, 32, 77, 31), (77, 7, 78, 6), (72, 36, 73, 35), (18, 66, 19, 65), (73, 11, 74, 10), (58, 46, 59, 45), (26, 49, 27, 50), (30, 5, 31, 6), (29, 79, 30, 78), (43, 61, 44, 60), (20, 62, 21, 61), (34, 9, 35, 10), (33, 75, 34, 74), (23, 87, 24, 86), (46, 88, 47, 87), (37, 12, 38, 13), (15, 69, 16, 68), (41, 65, 42, 64), (85, 29, 86, 28), (84, 55, 85, 56), (63, 43, 64, 42), (24, 47, 25, 48), (62, 20, 63, 19), (57, 88, 58, 89), (8, 76, 9, 75), (38, 72, 39, 71), (83, 1, 84, 0)]"
K9_758,"[(19, 1, 20, 0), (1, 19, 2, 18), (2, 54, 3, 53), (50, 4, 51, 3), (69, 4, 70, 5), (5, 49, 6, 48), (6, 71, 7, 72), (72, 7, 73, 8), (65, 9, 66, 8), (38, 9, 39, 10), (10, 45, 11, 46), (11, 29, 12, 28), (27, 13, 28, 12), (13, 36, 14, 37), (14, 68, 15, 67), (68, 16, 69, 15), (51, 16, 52, 17), (17, 52, 18, 53), (85, 21, 0, 20), (34, 21, 35, 22), (22, 84, 23, 83), (80, 24, 81, 23), (57, 24, 58, 25), (25, 58, 26, 59), (26, 80, 27, 79), (29, 45, 30, 44), (43, 31, 44, 30), (78, 32, 79, 31), (59, 32, 60, 33), (33, 54, 34, 55), (35, 85, 36, 84), (46, 37, 47, 38), (39, 74, 40, 75), (40, 64, 41, 63), (76, 41, 77, 42), (61, 43, 62, 42), (47, 67, 48, 66), (70, 50, 71, 49), (55, 83, 56, 82), (81, 57, 82, 56), (60, 78, 61, 77), (75, 63, 76, 62), (64, 74, 65, 73)]"
K9_759,"[(13, 1, 14, 0), (1, 13, 2, 12), (2, 21, 3, 22), (10, 4, 11, 3), (23, 4, 24, 5), (5, 18, 6, 19), (17, 6, 18, 7), (7, 16, 8, 17), (15, 8, 16, 9), (24, 10, 25, 9), (11, 23, 12, 22), (19, 15, 20, 14), (20, 25, 21, 0)]"
K9_760,"[(17, 1, 18, 0), (58, 2, 59, 1), (2, 85, 3, 86), (3, 53, 4, 52), (4, 12, 5, 11), (80, 5, 81, 6), (39, 6, 40, 7), (7, 76, 8, 77), (8, 92, 9, 91), (88, 10, 89, 9), (10, 37, 11, 38), (12, 53, 13, 54), (44, 14, 45, 13), (14, 84, 15, 83), (15, 43, 16, 42), (57, 16, 58, 17), (18, 59, 19, 60), (60, 19, 61, 20), (111, 21, 0, 20), (21, 109, 22, 108), (107, 23, 108, 22), (23, 64, 24, 65), (65, 24, 66, 25), (25, 68, 26, 69), (26, 104, 27, 103), (102, 28, 103, 27), (28, 102, 29, 101), (70, 29, 71, 30), (99, 31, 100, 30), (31, 97, 32, 96), (32, 73, 33, 74), (94, 34, 95, 33), (34, 94, 35, 93), (86, 36, 87, 35), (51, 36, 52, 37), (79, 38, 80, 39), (40, 47, 41, 48), (56, 42, 57, 41), (43, 84, 44, 85), (45, 55, 46, 54), (81, 46, 82, 47), (48, 75, 49, 76), (49, 93, 50, 92), (87, 51, 88, 50), (55, 83, 56, 82), (110, 62, 111, 61), (62, 110, 63, 109), (106, 64, 107, 63), (66, 106, 67, 105), (104, 68, 105, 67), (69, 101, 70, 100), (98, 72, 99, 71), (72, 98, 73, 97), (95, 75, 96, 74), (77, 91, 78, 90), (89, 79, 90, 78)]"
K9_762,"[(61, 8, 62, 9), (36, 4, 37, 3), (4, 87, 5, 88), (6, 85, 7, 86), (68, 102, 69, 101), (53, 100, 54, 101), (23, 102, 24, 103), (60, 84, 61, 83), (37, 88, 38, 89), (84, 7, 85, 8), (81, 10, 82, 11), (79, 12, 80, 13), (54, 67, 55, 68), (26, 63, 27, 64), (57, 25, 58, 24), (50, 22, 51, 21), (46, 20, 47, 19), (40, 16, 41, 15), (22, 52, 23, 51), (69, 52, 70, 53), (95, 104, 96, 105), (93, 34, 94, 35), (96, 29, 97, 30), (98, 27, 99, 28), (99, 63, 100, 62), (49, 70, 50, 71), (17, 74, 18, 75), (45, 72, 46, 73), (42, 75, 43, 76), (89, 2, 90, 3), (11, 80, 12, 81), (71, 48, 72, 49), (20, 48, 21, 47), (103, 58, 104, 59), (106, 32, 107, 31), (108, 36, 109, 35), (9, 82, 10, 83), (28, 97, 29, 98), (30, 106, 31, 105), (13, 78, 14, 79), (56, 65, 57, 66), (73, 44, 74, 45), (18, 44, 19, 43), (66, 55, 67, 56), (64, 25, 65, 26), (14, 40, 15, 39), (76, 41, 77, 42), (59, 38, 60, 39), (86, 5, 87, 6), (109, 92, 0, 93), (33, 94, 34, 95), (32, 108, 33, 107), (1, 90, 2, 91), (77, 16, 78, 17), (91, 0, 92, 1)]"
